growth_rate,production,is_pareto,n_batch,n_start,n_candidates,init_growth_rate,init_production
0.85,0.007658439,False,100,50,15,0.85,0.021073837077251217
0.85,0.007886182,False,100,50,15,0.85,0.021073837077251217
0.85,0.0126402555,False,100,50,15,0.85,0.021073837077251217
0.79868484,0.0,False,100,50,15,0.85,0.021073837077251217
0.8406016,0.0,False,100,50,15,0.85,0.021073837077251217
0.85,0.00094184093,False,100,50,15,0.85,0.021073837077251217
0.85,0.0020079787,False,100,50,15,0.85,0.021073837077251217
0.6261597,0.0,False,100,50,15,0.85,0.021073837077251217
0.44265544,0.0,False,100,50,15,0.85,0.021073837077251217
0.11170074,0.0,False,100,50,15,0.85,0.021073837077251217
0.5882097,0.0,False,100,50,15,0.85,0.021073837077251217
0.15588968,0.0,False,100,50,15,0.85,0.021073837077251217
0.5071551,0.0,False,100,50,15,0.85,0.021073837077251217
0.42593613,0.0,False,100,50,15,0.85,0.021073837077251217
0.48132747,0.0,False,100,50,15,0.85,0.021073837077251217
0.85,0.0046890113,False,100,50,15,0.85,0.021073837077251217
0.85,0.0157283,False,100,50,15,0.85,0.021073837077251217
0.5470568,0.0,False,100,50,15,0.85,0.021073837077251217
0.45242342,0.0,False,100,50,15,0.85,0.021073837077251217
0.39364612,0.0,False,100,50,15,0.85,0.021073837077251217
0.6499305,0.0,False,100,50,15,0.85,0.021073837077251217
0.7279058,0.0,False,100,50,15,0.85,0.021073837077251217
0.656816,0.0,False,100,50,15,0.85,0.021073837077251217
0.85,0.0042501884,False,100,50,15,0.85,0.021073837077251217
0.85,0.0038327407,False,100,50,15,0.85,0.021073837077251217
0.85,0.014690624,False,100,50,15,0.85,0.021073837077251217
0.6142293,0.0,False,100,50,15,0.85,0.021073837077251217
0.4336987,0.018017678,False,100,50,15,0.85,0.021073837077251217
0.2972646,0.0,False,100,50,15,0.85,0.021073837077251217
0.24382824,0.0,False,100,50,15,0.85,0.021073837077251217
0.3629799,0.0,False,100,50,15,0.85,0.021073837077251217
0.85,0.02007793,False,100,50,15,0.85,0.021073837077251217
0.6342381,0.0,False,100,50,15,0.85,0.021073837077251217
0.53519696,0.0,False,100,50,15,0.85,0.021073837077251217
0.29040715,0.0,False,100,50,15,0.85,0.021073837077251217
0.85,0.006548197,False,100,50,15,0.85,0.021073837077251217
0.75141996,0.0,False,100,50,15,0.85,0.021073837077251217
0.25301683,0.0,False,100,50,15,0.85,0.021073837077251217
0.65443474,0.0,False,100,50,15,0.85,0.021073837077251217
0.47732434,0.0,False,100,50,15,0.85,0.021073837077251217
0.7057921,0.0,False,100,50,15,0.85,0.021073837077251217
0.85,0.0005340581,False,100,50,15,0.85,0.021073837077251217
0.78414625,0.0,False,100,50,15,0.85,0.021073837077251217
0.85,0.008287087,False,100,50,15,0.85,0.021073837077251217
0.77214235,0.0,False,100,50,15,0.85,0.021073837077251217
0.85,0.00501038,False,100,50,15,0.85,0.021073837077251217
0.85,0.0034309563,False,100,50,15,0.85,0.021073837077251217
0.48881146,0.0,False,100,50,15,0.85,0.021073837077251217
0.85,0.0010025632,False,100,50,15,0.85,0.021073837077251217
0.08084405,0.0,False,100,50,15,0.85,0.021073837077251217
0.0,0.05881573,False,100,50,15,0.85,0.021073837077251217
0.85,0.023454616,False,100,50,15,0.85,0.021073837077251217
0.85,0.02268009,False,100,50,15,0.85,0.021073837077251217
0.0,0.059195686,False,100,50,15,0.85,0.021073837077251217
0.85,0.024290105,False,100,50,15,0.85,0.021073837077251217
0.0,0.059493594,False,100,50,15,0.85,0.021073837077251217
2.2251151e-15,0.05759157,False,100,50,15,0.85,0.021073837077251217
0.85,0.013540594,False,100,50,15,0.85,0.021073837077251217
0.0,0.05956111,False,100,50,15,0.85,0.021073837077251217
0.85,0.024607956,False,100,50,15,0.85,0.021073837077251217
0.0,0.0,False,100,50,15,0.85,0.021073837077251217
0.85,0.02039725,False,100,50,15,0.85,0.021073837077251217
9.483145e-16,0.055317976,False,100,50,15,0.85,0.021073837077251217
0.85,0.022277568,False,100,50,15,0.85,0.021073837077251217
1.0594638e-13,0.05744557,False,100,50,15,0.85,0.021073837077251217
0.85,0.02530534,False,100,50,15,0.85,0.021073837077251217
0.0,0.06048092,False,100,50,15,0.85,0.021073837077251217
1.709213e-29,0.06380084,False,100,50,15,0.85,0.021073837077251217
0.0,0.0625034,False,100,50,15,0.85,0.021073837077251217
0.85,0.025127813,False,100,50,15,0.85,0.021073837077251217
0.85,0.026156621,False,100,50,15,0.85,0.021073837077251217
1.506843e-16,0.062435236,False,100,50,15,0.85,0.021073837077251217
0.0,0.057460207,False,100,50,15,0.85,0.021073837077251217
0.0,0.06280475,False,100,50,15,0.85,0.021073837077251217
0.85,0.025903102,False,100,50,15,0.85,0.021073837077251217
0.0,0.06281559,False,100,50,15,0.85,0.021073837077251217
0.0,0.06246785,False,100,50,15,0.85,0.021073837077251217
0.85,0.0263577,False,100,50,15,0.85,0.021073837077251217
0.85,0.018499915,False,100,50,15,0.85,0.021073837077251217
0.85,0.02300121,False,100,50,15,0.85,0.021073837077251217
0.85,0.026973186,False,100,50,15,0.85,0.021073837077251217
0.85,0.024035575,False,100,50,15,0.85,0.021073837077251217
0.85,0.027229,False,100,50,15,0.85,0.021073837077251217
0.85,0.026852733,False,100,50,15,0.85,0.021073837077251217
0.85,0.027166618,False,100,50,15,0.85,0.021073837077251217
0.85,0.023793293,False,100,50,15,0.85,0.021073837077251217
0.85,0.024197605,False,100,50,15,0.85,0.021073837077251217
0.85,0.021831315,False,100,50,15,0.85,0.021073837077251217
0.0,0.061429385,False,100,50,15,0.85,0.021073837077251217
0.0,0.06380084,False,100,50,15,0.85,0.021073837077251217
0.85,0.022316387,False,100,50,15,0.85,0.021073837077251217
0.85,0.023112353,False,100,50,15,0.85,0.021073837077251217
0.85,0.023668276,False,100,50,15,0.85,0.021073837077251217
0.85,0.019443577,False,100,50,15,0.85,0.021073837077251217
0.85,0.026396932,False,100,50,15,0.85,0.021073837077251217
0.85,0.027544592,False,100,50,15,0.85,0.021073837077251217
0.85,0.025430638,False,100,50,15,0.85,0.021073837077251217
2.9171198e-14,0.06380084,False,100,50,15,0.85,0.021073837077251217
0.85,0.014518383,False,100,50,15,0.85,0.021073837077251217
0.85,0.005687444,False,100,50,15,0.85,0.021073837077251217
0.85,0.027544592,False,100,50,15,0.85,0.021073837077251217
0.85,0.016574724,False,100,50,15,0.85,0.021073837077251217
0.85,0.022458129,False,100,50,15,0.85,0.021073837077251217
0.85,0.020240828,False,100,50,15,0.85,0.021073837077251217
0.85,0.024100205,False,100,50,15,0.85,0.021073837077251217
0.85,0.023418685,False,100,50,15,0.85,0.021073837077251217
0.0,0.06380084,False,100,50,15,0.85,0.021073837077251217
0.85,0.025903102,False,100,50,15,0.85,0.021073837077251217
0.85,0.022028653,False,100,50,15,0.85,0.021073837077251217
0.85,0.012572886,False,100,50,15,0.85,0.021073837077251217
0.85,0.025678324,False,100,50,15,0.85,0.021073837077251217
0.0,0.03591042,False,100,50,15,0.85,0.021073837077251217
3.3048884e-13,0.06273455,False,100,50,15,0.85,0.021073837077251217
0.0,0.054388177,False,100,50,15,0.85,0.021073837077251217
0.0,0.06380084,False,100,50,15,0.85,0.021073837077251217
0.0,0.050746735,False,100,50,15,0.85,0.021073837077251217
0.0,0.05271208,False,100,50,15,0.85,0.021073837077251217
0.0,0.042059854,False,100,50,15,0.85,0.021073837077251217
0.0,0.03397738,False,100,50,15,0.85,0.021073837077251217
0.0,0.06380084,False,100,50,15,0.85,0.021073837077251217
0.0,0.034806833,False,100,50,15,0.85,0.021073837077251217
0.0,0.017559271,False,100,50,15,0.85,0.021073837077251217
0.85,0.026734496,False,100,50,15,0.85,0.021073837077251217
0.57807285,0.0,False,100,50,15,0.85,0.021073837077251217
0.0,0.045370013,False,100,50,15,0.85,0.021073837077251217
0.0,0.062061094,False,100,50,15,0.85,0.021073837077251217
1.4657371e-13,0.061429385,False,100,50,15,0.85,0.021073837077251217
0.0,0.0,False,100,50,15,0.85,0.021073837077251217
0.0,0.057449106,False,100,50,15,0.85,0.021073837077251217
0.0,0.056157168,False,100,50,15,0.85,0.021073837077251217
0.85,0.025903102,False,100,50,15,0.85,0.021073837077251217
0.0,0.06370512,False,100,50,15,0.85,0.021073837077251217
0.85,0.025903102,False,100,50,15,0.85,0.021073837077251217
0.0,0.061429385,False,100,50,15,0.85,0.021073837077251217
0.0,0.0556576,False,100,50,15,0.85,0.021073837077251217
0.0,0.061826337,False,100,50,15,0.85,0.021073837077251217
0.85,0.021383641,False,100,50,15,0.85,0.021073837077251217
0.85,0.024032643,False,100,50,15,0.85,0.021073837077251217
0.0,0.05337487,False,100,50,15,0.85,0.021073837077251217
0.85,0.01984403,False,100,50,15,0.85,0.021073837077251217
0.85,0.027421566,False,100,50,15,0.85,0.021073837077251217
0.85,0.0270202,False,100,50,15,0.85,0.021073837077251217
1.4107375e-16,0.06380084,False,100,50,15,0.85,0.021073837077251217
0.0,0.0,False,100,50,15,0.85,0.021073837077251217
0.85,0.02295228,False,100,50,15,0.85,0.021073837077251217
1.36840985e-14,0.06379621,False,100,50,15,0.85,0.021073837077251217
0.0,0.06378979,False,100,50,15,0.85,0.021073837077251217
0.0,0.063769884,False,100,50,15,0.85,0.021073837077251217
0.0,0.06380084,False,100,50,15,0.85,0.021073837077251217
3.6573758e-13,0.06380084,True,100,50,15,0.85,0.021073837077251217
0.85,0.027440388,False,100,50,15,0.85,0.021073837077251217
0.85,0.018497096,False,100,50,15,0.85,0.021073837077251217
0.85,0.026409661,False,100,50,15,0.85,0.021073837077251217
0.0,0.06194808,False,100,50,15,0.85,0.021073837077251217
0.0,0.061500598,False,100,50,15,0.85,0.021073837077251217
0.85,0.027087715,False,100,50,15,0.85,0.021073837077251217
0.85,0.027544592,False,100,50,15,0.85,0.021073837077251217
0.85,0.027544592,False,100,50,15,0.85,0.021073837077251217
0.85,0.021264696,False,100,50,15,0.85,0.021073837077251217
0.0,0.06380084,False,100,50,15,0.85,0.021073837077251217
0.85,0.027544592,False,100,50,15,0.85,0.021073837077251217
0.0,0.06380084,False,100,50,15,0.85,0.021073837077251217
0.85,0.026431918,False,100,50,15,0.85,0.021073837077251217
0.85,0.027149575,False,100,50,15,0.85,0.021073837077251217
0.85,0.027544592,False,100,50,15,0.85,0.021073837077251217
0.85,0.016720429,False,100,50,15,0.85,0.021073837077251217
0.0,0.061429385,False,100,50,15,0.85,0.021073837077251217
0.85,0.01739626,False,100,50,15,0.85,0.021073837077251217
0.0,0.0563298,False,100,50,15,0.85,0.021073837077251217
0.85,0.02716486,False,100,50,15,0.85,0.021073837077251217
0.0,0.06253933,False,100,50,15,0.85,0.021073837077251217
0.85,0.027064385,False,100,50,15,0.85,0.021073837077251217
0.85,0.02206013,False,100,50,15,0.85,0.021073837077251217
1.491932e-15,0.06312999,False,100,50,15,0.85,0.021073837077251217
0.0,0.05629626,False,100,50,15,0.85,0.021073837077251217
1.8024247e-13,0.061429385,False,100,50,15,0.85,0.021073837077251217
0.0,0.06380084,False,100,50,15,0.85,0.021073837077251217
1.7110492e-16,0.06360656,False,100,50,15,0.85,0.021073837077251217
0.85,0.027524907,False,100,50,15,0.85,0.021073837077251217
0.85,0.020836871,False,100,50,15,0.85,0.021073837077251217
0.0,0.061429385,False,100,50,15,0.85,0.021073837077251217
0.0,0.06380084,False,100,50,15,0.85,0.021073837077251217
2.0665825e-15,0.06380084,False,100,50,15,0.85,0.021073837077251217
0.0,0.061429385,False,100,50,15,0.85,0.021073837077251217
0.85,0.02344366,False,100,50,15,0.85,0.021073837077251217
0.0,0.06379588,False,100,50,15,0.85,0.021073837077251217
0.85,0.025903102,False,100,50,15,0.85,0.021073837077251217
0.85,0.025903102,False,100,50,15,0.85,0.021073837077251217
0.85,0.026921155,False,100,50,15,0.85,0.021073837077251217
0.85,0.027544592,False,100,50,15,0.85,0.021073837077251217
0.0,0.061429385,False,100,50,15,0.85,0.021073837077251217
0.85,0.02247936,False,100,50,15,0.85,0.021073837077251217
0.85,0.025320023,False,100,50,15,0.85,0.021073837077251217
0.0,0.06380084,False,100,50,15,0.85,0.021073837077251217
0.85,0.025903102,False,100,50,15,0.85,0.021073837077251217
0.0,0.062974714,False,100,50,15,0.85,0.021073837077251217
0.0137866605,0.0608727,False,100,50,15,0.85,0.021073837077251217
0.85,0.027473575,False,100,50,15,0.85,0.021073837077251217
0.85,0.02635984,False,100,50,15,0.85,0.021073837077251217
0.85,0.027108928,False,100,50,15,0.85,0.021073837077251217
0.85,0.027544592,False,100,50,15,0.85,0.021073837077251217
0.0,0.061221316,False,100,50,15,0.85,0.021073837077251217
0.85,0.027544592,False,100,50,15,0.85,0.021073837077251217
0.85,0.022765122,False,100,50,15,0.85,0.021073837077251217
0.0,0.061429385,False,100,50,15,0.85,0.021073837077251217
0.0,0.061720964,False,100,50,15,0.85,0.021073837077251217
0.85,0.027517185,False,100,50,15,0.85,0.021073837077251217
0.85,0.02096763,False,100,50,15,0.85,0.021073837077251217
0.0,0.061429385,False,100,50,15,0.85,0.021073837077251217
0.0,0.061429385,False,100,50,15,0.85,0.021073837077251217
0.85,0.025903102,False,100,50,15,0.85,0.021073837077251217
0.85,0.023183722,False,100,50,15,0.85,0.021073837077251217
0.0024538701,0.046246577,False,100,50,15,0.85,0.021073837077251217
0.0,0.06168683,False,100,50,15,0.85,0.021073837077251217
0.0,0.06210727,False,100,50,15,0.85,0.021073837077251217
0.85,0.026930613,False,100,50,15,0.85,0.021073837077251217
0.0,0.061429385,False,100,50,15,0.85,0.021073837077251217
2.7585513e-13,0.061429385,False,100,50,15,0.85,0.021073837077251217
4.9600598e-15,0.06332518,False,100,50,15,0.85,0.021073837077251217
0.85,0.021804662,False,100,50,15,0.85,0.021073837077251217
0.85,0.015931044,False,100,50,15,0.85,0.021073837077251217
1.8484706e-13,0.061429385,False,100,50,15,0.85,0.021073837077251217
0.85,0.027544592,False,100,50,15,0.85,0.021073837077251217
0.0,0.061429385,False,100,50,15,0.85,0.021073837077251217
1.0076419e-13,0.060558345,False,100,50,15,0.85,0.021073837077251217
0.0,0.053165313,False,100,50,15,0.85,0.021073837077251217
0.85,0.004940845,False,100,50,15,0.85,0.021073837077251217
0.0,0.053218313,False,100,50,15,0.85,0.021073837077251217
0.0,0.05885019,False,100,50,15,0.85,0.021073837077251217
0.0,0.054496013,False,100,50,15,0.85,0.021073837077251217
0.85,0.02662197,False,100,50,15,0.85,0.021073837077251217
0.0,0.061429385,False,100,50,15,0.85,0.021073837077251217
0.0,0.05384673,False,100,50,15,0.85,0.021073837077251217
1.7222884e-13,0.052574154,False,100,50,15,0.85,0.021073837077251217
8.3182505e-14,0.051422663,False,100,50,15,0.85,0.021073837077251217
5.874456e-15,0.0612513,False,100,50,15,0.85,0.021073837077251217
0.0,0.051422663,False,100,50,15,0.85,0.021073837077251217
0.85,0.026073568,False,100,50,15,0.85,0.021073837077251217
0.0,0.051422663,False,100,50,15,0.85,0.021073837077251217
0.0,0.061429385,False,100,50,15,0.85,0.021073837077251217
1.5713357e-13,0.058151018,False,100,50,15,0.85,0.021073837077251217
0.0,0.0,False,100,50,15,0.85,0.021073837077251217
0.0,0.043492172,False,100,50,15,0.85,0.021073837077251217
0.036092535,0.04997325,False,100,50,15,0.85,0.021073837077251217
0.0,0.05853702,False,100,50,15,0.85,0.021073837077251217
0.85,0.027544592,False,100,50,15,0.85,0.021073837077251217
0.85,0.027544592,False,100,50,15,0.85,0.021073837077251217
0.14746667,0.05751229,True,100,50,15,0.85,0.021073837077251217
4.7204135e-13,0.061429385,False,100,50,15,0.85,0.021073837077251217
0.85,0.027544592,False,100,50,15,0.85,0.021073837077251217
0.85,0.027544592,False,100,50,15,0.85,0.021073837077251217
0.85,0.027544592,False,100,50,15,0.85,0.021073837077251217
0.07702764,0.060516085,True,100,50,15,0.85,0.021073837077251217
0.85,0.027544592,False,100,50,15,0.85,0.021073837077251217
0.85,0.027544592,False,100,50,15,0.85,0.021073837077251217
0.0,0.06380084,False,100,50,15,0.85,0.021073837077251217
0.85,0.027544592,False,100,50,15,0.85,0.021073837077251217
0.85,0.027544592,False,100,50,15,0.85,0.021073837077251217
0.85,0.01962188,False,100,50,15,0.85,0.021073837077251217
0.0,0.06380084,False,100,50,15,0.85,0.021073837077251217
0.0,0.061429385,False,100,50,15,0.85,0.021073837077251217
0.0,0.061429385,False,100,50,15,0.85,0.021073837077251217
0.85,0.027544592,False,100,50,15,0.85,0.021073837077251217
0.85,0.027350338,False,100,50,15,0.85,0.021073837077251217
0.6297926,0.0,False,100,50,15,0.85,0.021073837077251217
0.85,0.025903102,False,100,50,15,0.85,0.021073837077251217
0.0,0.061429385,False,100,50,15,0.85,0.021073837077251217
0.0,0.06380084,False,100,50,15,0.85,0.021073837077251217
0.85,0.013146005,False,100,50,15,0.85,0.021073837077251217
0.0,0.061429385,False,100,50,15,0.85,0.021073837077251217
0.0,0.061429385,False,100,50,15,0.85,0.021073837077251217
0.85,0.025079615,False,100,50,15,0.85,0.021073837077251217
1.18801334e-14,0.061429385,False,100,50,15,0.85,0.021073837077251217
0.0,0.061429385,False,100,50,15,0.85,0.021073837077251217
0.85,0.019528411,False,100,50,15,0.85,0.021073837077251217
0.85,0.027421853,False,100,50,15,0.85,0.021073837077251217
1.5090844e-12,0.061429385,False,100,50,15,0.85,0.021073837077251217
0.0,0.06380084,False,100,50,15,0.85,0.021073837077251217
0.0,0.063795276,False,100,50,15,0.85,0.021073837077251217
0.85,0.027373347,False,100,50,15,0.85,0.021073837077251217
2.0172763e-12,0.061429385,False,100,50,15,0.85,0.021073837077251217
0.85,0.027544592,False,100,50,15,0.85,0.021073837077251217
0.85,0.026651604,False,100,50,15,0.85,0.021073837077251217
0.85,0.027544592,False,100,50,15,0.85,0.021073837077251217
0.05284011,0.061547536,True,100,50,15,0.85,0.021073837077251217
0.0,0.061429385,False,100,50,15,0.85,0.021073837077251217
0.85,0.025903102,False,100,50,15,0.85,0.021073837077251217
1.4143016e-15,0.061429385,False,100,50,15,0.85,0.021073837077251217
0.85,0.025903102,False,100,50,15,0.85,0.021073837077251217
0.0,0.06380084,False,100,50,15,0.85,0.021073837077251217
0.85,0.027544592,False,100,50,15,0.85,0.021073837077251217
0.85,0.018603045,False,100,50,15,0.85,0.021073837077251217
0.0,0.06380084,False,100,50,15,0.85,0.021073837077251217
0.0,0.06380084,False,100,50,15,0.85,0.021073837077251217
0.0,0.06380084,False,100,50,15,0.85,0.021073837077251217
0.85,0.022018684,False,100,50,15,0.85,0.021073837077251217
0.0,0.06380084,False,100,50,15,0.85,0.021073837077251217
0.0,0.06380084,False,100,50,15,0.85,0.021073837077251217
3.601726e-15,0.06329219,False,100,50,15,0.85,0.021073837077251217
0.0,0.06304004,False,100,50,15,0.85,0.021073837077251217
0.0,0.06380084,False,100,50,15,0.85,0.021073837077251217
0.85,0.027544592,False,100,50,15,0.85,0.021073837077251217
1.4107375e-16,0.06380084,False,100,50,15,0.85,0.021073837077251217
0.0,0.06380084,False,100,50,15,0.85,0.021073837077251217
0.0,0.061429385,False,100,50,15,0.85,0.021073837077251217
0.0,0.06380084,False,100,50,15,0.85,0.021073837077251217
0.0,0.063689336,False,100,50,15,0.85,0.021073837077251217
0.0,0.06380084,False,100,50,15,0.85,0.021073837077251217
0.85,0.027544592,False,100,50,15,0.85,0.021073837077251217
0.85,0.026141241,False,100,50,15,0.85,0.021073837077251217
0.0,0.06380084,False,100,50,15,0.85,0.021073837077251217
0.0,0.051939335,False,100,50,15,0.85,0.021073837077251217
0.7445523,0.0,False,100,50,15,0.85,0.021073837077251217
0.0,0.06380084,False,100,50,15,0.85,0.021073837077251217
0.0,0.061429385,False,100,50,15,0.85,0.021073837077251217
0.0,0.061429385,False,100,50,15,0.85,0.021073837077251217
0.0,0.06380084,False,100,50,15,0.85,0.021073837077251217
0.0,0.063448295,False,100,50,15,0.85,0.021073837077251217
0.0,0.06380084,False,100,50,15,0.85,0.021073837077251217
1.5588308e-29,0.06380084,False,100,50,15,0.85,0.021073837077251217
0.0,0.06380084,False,100,50,15,0.85,0.021073837077251217
0.85,0.027544592,False,100,50,15,0.85,0.021073837077251217
0.85,0.027183386,False,100,50,15,0.85,0.021073837077251217
0.0,0.063798524,False,100,50,15,0.85,0.021073837077251217
0.0,0.063444465,False,100,50,15,0.85,0.021073837077251217
0.85,0.025839863,False,100,50,15,0.85,0.021073837077251217
0.85,0.0064345174,False,100,50,15,0.85,0.021073837077251217
0.85,0.027544592,False,100,50,15,0.85,0.021073837077251217
0.85,0.026244929,False,100,50,15,0.85,0.021073837077251217
0.0,0.06346074,False,100,50,15,0.85,0.021073837077251217
0.0,0.0,False,100,50,15,0.85,0.021073837077251217
0.85,0.026966948,False,100,50,15,0.85,0.021073837077251217
0.85,0.023989318,False,100,50,15,0.85,0.021073837077251217
9.939144e-16,0.061475437,False,100,50,15,0.85,0.021073837077251217
0.0,0.06380084,False,100,50,15,0.85,0.021073837077251217
0.85,0.027544592,False,100,50,15,0.85,0.021073837077251217
0.85,0.027544592,False,100,50,15,0.85,0.021073837077251217
0.85,0.027544592,False,100,50,15,0.85,0.021073837077251217
0.85,0.027544592,False,100,50,15,0.85,0.021073837077251217
0.85,0.027544592,False,100,50,15,0.85,0.021073837077251217
0.85,0.027544592,False,100,50,15,0.85,0.021073837077251217
0.85,0.027544592,False,100,50,15,0.85,0.021073837077251217
0.0,0.06380084,False,100,50,15,0.85,0.021073837077251217
0.85,0.027544592,False,100,50,15,0.85,0.021073837077251217
0.85,0.027544592,False,100,50,15,0.85,0.021073837077251217
0.0,0.06380084,False,100,50,15,0.85,0.021073837077251217
0.85,0.027544592,False,100,50,15,0.85,0.021073837077251217
0.0,0.06359966,False,100,50,15,0.85,0.021073837077251217
0.0,0.06380084,False,100,50,15,0.85,0.021073837077251217
0.85,0.027544592,False,100,50,15,0.85,0.021073837077251217
0.85,0.027544592,False,100,50,15,0.85,0.021073837077251217
0.0,0.06379795,False,100,50,15,0.85,0.021073837077251217
0.85,0.027517185,False,100,50,15,0.85,0.021073837077251217
1.1621946e-16,0.06380084,False,100,50,15,0.85,0.021073837077251217
0.85,0.026615806,False,100,50,15,0.85,0.021073837077251217
0.0,0.06380084,False,100,50,15,0.85,0.021073837077251217
0.0,0.06380084,False,100,50,15,0.85,0.021073837077251217
0.85,0.025595434,False,100,50,15,0.85,0.021073837077251217
0.85,0.026048714,False,100,50,15,0.85,0.021073837077251217
0.0,0.06380084,False,100,50,15,0.85,0.021073837077251217
0.0,0.061429385,False,100,50,15,0.85,0.021073837077251217
0.85,0.027544592,False,100,50,15,0.85,0.021073837077251217
0.85,0.027544592,False,100,50,15,0.85,0.021073837077251217
0.0,0.06380084,False,100,50,15,0.85,0.021073837077251217
0.85,0.021497194,False,100,50,15,0.85,0.021073837077251217
0.85,0.027544592,False,100,50,15,0.85,0.021073837077251217
0.0,0.06380084,False,100,50,15,0.85,0.021073837077251217
0.85,0.027544592,False,100,50,15,0.85,0.021073837077251217
0.85,0.027544592,False,100,50,15,0.85,0.021073837077251217
0.85,0.027544592,False,100,50,15,0.85,0.021073837077251217
0.85,0.027544592,False,100,50,15,0.85,0.021073837077251217
1.3007e-13,0.06380084,False,100,50,15,0.85,0.021073837077251217
5.783406e-14,0.06380084,True,100,50,15,0.85,0.021073837077251217
0.85,0.027544592,False,100,50,15,0.85,0.021073837077251217
0.0,0.032125007,False,100,50,15,0.85,0.021073837077251217
0.0,0.06343338,False,100,50,15,0.85,0.021073837077251217
0.0,0.06380084,False,100,50,15,0.85,0.021073837077251217
0.0,0.057839498,False,100,50,15,0.85,0.021073837077251217
0.85,0.027544592,False,100,50,15,0.85,0.021073837077251217
0.0,0.06380084,False,100,50,15,0.85,0.021073837077251217
0.0,0.06380084,False,100,50,15,0.85,0.021073837077251217
0.85,0.027544592,False,100,50,15,0.85,0.021073837077251217
0.85,0.027544592,False,100,50,15,0.85,0.021073837077251217
5.1252984e-14,0.06380084,True,100,50,15,0.85,0.021073837077251217
0.85,0.027544592,False,100,50,15,0.85,0.021073837077251217
0.85,0.027544592,False,100,50,15,0.85,0.021073837077251217
0.0,0.06380084,False,100,50,15,0.85,0.021073837077251217
0.85,0.027544592,False,100,50,15,0.85,0.021073837077251217
0.85,0.027544592,False,100,50,15,0.85,0.021073837077251217
0.85,0.027544592,False,100,50,15,0.85,0.021073837077251217
0.85,0.023996515,False,100,50,15,0.85,0.021073837077251217
0.85,0.024758896,False,100,50,15,0.85,0.021073837077251217
0.0,0.0,False,100,50,15,0.85,0.021073837077251217
0.85,0.027544592,False,100,50,15,0.85,0.021073837077251217
0.85,0.027544592,False,100,50,15,0.85,0.021073837077251217
0.85,0.027544592,False,100,50,15,0.85,0.021073837077251217
0.85,0.027544592,False,100,50,15,0.85,0.021073837077251217
0.85,0.027544592,False,100,50,15,0.85,0.021073837077251217
0.17700414,0.0562527,True,100,50,15,0.85,0.021073837077251217
1.1465764e-14,0.06380084,False,100,50,15,0.85,0.021073837077251217
0.85,0.027544592,False,100,50,15,0.85,0.021073837077251217
0.85,0.024463689,False,100,50,15,0.85,0.021073837077251217
0.0,0.06380084,False,100,50,15,0.85,0.021073837077251217
0.85,0.027544592,False,100,50,15,0.85,0.021073837077251217
0.85,0.027544592,False,100,50,15,0.85,0.021073837077251217
0.0,0.06380084,False,100,50,15,0.85,0.021073837077251217
0.0,0.0,False,100,50,15,0.85,0.021073837077251217
0.8115356,0.0,False,100,50,15,0.85,0.021073837077251217
0.0,0.06380084,False,100,50,15,0.85,0.021073837077251217
0.85,0.0036664717,False,100,50,15,0.85,0.021073837077251217
0.0,0.063568935,False,100,50,15,0.85,0.021073837077251217
0.0,0.063253924,False,100,50,15,0.85,0.021073837077251217
0.0,0.06380084,False,100,50,15,0.85,0.021073837077251217
0.85,0.017569516,False,100,50,15,0.85,0.021073837077251217
0.85,0.027544592,False,100,50,15,0.85,0.021073837077251217
0.0,0.06380084,False,100,50,15,0.85,0.021073837077251217
0.0,0.061429385,False,100,50,15,0.85,0.021073837077251217
0.85,0.027544592,False,100,50,15,0.85,0.021073837077251217
0.85,0.021017225,False,100,50,15,0.85,0.021073837077251217
0.0,0.06175321,False,100,50,15,0.85,0.021073837077251217
0.00045467628,0.06142475,False,100,50,15,0.85,0.021073837077251217
0.85,0.027544592,False,100,50,15,0.85,0.021073837077251217
0.0,0.057568774,False,100,50,15,0.85,0.021073837077251217
0.0,0.0553036,False,100,50,15,0.85,0.021073837077251217
0.85,0.022179767,False,100,50,15,0.85,0.021073837077251217
0.85,0.027544592,False,100,50,15,0.85,0.021073837077251217
5.3123365e-16,0.0637899,False,100,50,15,0.85,0.021073837077251217
0.0,0.06380084,False,100,50,15,0.85,0.021073837077251217
0.85,0.025980862,False,100,50,15,0.85,0.021073837077251217
0.0,0.061429385,False,100,50,15,0.85,0.021073837077251217
0.0,0.06380084,False,100,50,15,0.85,0.021073837077251217
3.2143863e-15,0.06380084,True,100,50,15,0.85,0.021073837077251217
0.85,0.027544592,False,100,50,15,0.85,0.021073837077251217
0.85,0.025903102,False,100,50,15,0.85,0.021073837077251217
0.85,0.027542287,False,100,50,15,0.85,0.021073837077251217
0.0,0.061429385,False,100,50,15,0.85,0.021073837077251217
0.0,0.06378702,False,100,50,15,0.85,0.021073837077251217
0.85,0.027523514,False,100,50,15,0.85,0.021073837077251217
0.0,0.047020517,False,100,50,15,0.85,0.021073837077251217
2.5965633e-17,0.041738756,False,100,50,15,0.85,0.021073837077251217
0.0,0.06380084,False,100,50,15,0.85,0.021073837077251217
0.0,0.061429385,False,100,50,15,0.85,0.021073837077251217
0.85,0.026890084,False,100,50,15,0.85,0.021073837077251217
0.85,0.027544592,False,100,50,15,0.85,0.021073837077251217
0.85,0.01702688,False,100,50,15,0.85,0.021073837077251217
0.0,0.06380084,False,100,50,15,0.85,0.021073837077251217
0.0,0.063794926,False,100,50,15,0.85,0.021073837077251217
0.85,0.027524512,False,100,50,15,0.85,0.021073837077251217
2.7155177e-13,0.061429385,False,100,50,15,0.85,0.021073837077251217
0.85,0.027544592,False,100,50,15,0.85,0.021073837077251217
0.0,0.0,False,100,50,15,0.85,0.021073837077251217
0.81790113,0.0,False,100,50,15,0.85,0.021073837077251217
0.0,0.06380084,False,100,50,15,0.85,0.021073837077251217
0.85,0.027544592,False,100,50,15,0.85,0.021073837077251217
0.85,0.027544592,False,100,50,15,0.85,0.021073837077251217
0.85,0.027544592,False,100,50,15,0.85,0.021073837077251217
0.85,0.027544592,False,100,50,15,0.85,0.021073837077251217
0.85,0.025903102,False,100,50,15,0.85,0.021073837077251217
0.0,0.06380084,False,100,50,15,0.85,0.021073837077251217
0.85,0.027544592,False,100,50,15,0.85,0.021073837077251217
0.0,0.061429385,False,100,50,15,0.85,0.021073837077251217
0.0,0.06380084,False,100,50,15,0.85,0.021073837077251217
0.85,0.027544592,False,100,50,15,0.85,0.021073837077251217
0.0,0.057905316,False,100,50,15,0.85,0.021073837077251217
0.85,0.01229466,False,100,50,15,0.85,0.021073837077251217
0.85,0.022437638,False,100,50,15,0.85,0.021073837077251217
0.85,0.026978849,False,100,50,15,0.85,0.021073837077251217
0.0,0.06380084,False,100,50,15,0.85,0.021073837077251217
0.0,0.05704551,False,100,50,15,0.85,0.021073837077251217
0.85,0.027544592,False,100,50,15,0.85,0.021073837077251217
0.0,0.06379901,False,100,50,15,0.85,0.021073837077251217
0.85,0.027527003,False,100,50,15,0.85,0.021073837077251217
0.85,0.027518885,False,100,50,15,0.85,0.021073837077251217
0.0,0.06379727,False,100,50,15,0.85,0.021073837077251217
0.0,0.06380084,False,100,50,15,0.85,0.021073837077251217
0.0,0.06380084,False,100,50,15,0.85,0.021073837077251217
3.6217687e-13,0.061429385,False,100,50,15,0.85,0.021073837077251217
9.706201e-16,0.06380084,False,100,50,15,0.85,0.021073837077251217
0.0,0.06380084,False,100,50,15,0.85,0.021073837077251217
0.0,0.053218313,False,100,50,15,0.85,0.021073837077251217
0.85,0.025903102,False,100,50,15,0.85,0.021073837077251217
0.85,0.025903102,False,100,50,15,0.85,0.021073837077251217
0.0,0.056951735,False,100,50,15,0.85,0.021073837077251217
0.0,0.06379288,False,100,50,15,0.85,0.021073837077251217
0.85,0.025903102,False,100,50,15,0.85,0.021073837077251217
0.85,0.027544592,False,100,50,15,0.85,0.021073837077251217
0.85,0.027544592,False,100,50,15,0.85,0.021073837077251217
0.85,0.027544592,False,100,50,15,0.85,0.021073837077251217
0.85,0.027544592,False,100,50,15,0.85,0.021073837077251217
0.85,0.014594738,False,100,50,15,0.85,0.021073837077251217
0.85,0.02648131,False,100,50,15,0.85,0.021073837077251217
0.0,0.06380084,False,100,50,15,0.85,0.021073837077251217
0.85,0.027544592,False,100,50,15,0.85,0.021073837077251217
0.0,0.06380084,False,100,50,15,0.85,0.021073837077251217
0.0,0.06380084,False,100,50,15,0.85,0.021073837077251217
0.85,0.027544592,False,100,50,15,0.85,0.021073837077251217
0.11073341,0.058927465,True,100,50,15,0.85,0.021073837077251217
0.85,0.027544592,False,100,50,15,0.85,0.021073837077251217
0.85,0.022869099,False,100,50,15,0.85,0.021073837077251217
7.2757216e-14,0.06380084,True,100,50,15,0.85,0.021073837077251217
0.85,0.027544592,False,100,50,15,0.85,0.021073837077251217
0.85,0.027544592,False,100,50,15,0.85,0.021073837077251217
0.85,0.02165365,False,100,50,15,0.85,0.021073837077251217
0.0,0.063789696,False,100,50,15,0.85,0.021073837077251217
1.1489909e-14,0.06380084,False,100,50,15,0.85,0.021073837077251217
0.0,0.06330149,False,100,50,15,0.85,0.021073837077251217
0.85,0.027544592,False,100,50,15,0.85,0.021073837077251217
0.85,0.027544592,False,100,50,15,0.85,0.021073837077251217
0.0,0.06380084,False,100,50,15,0.85,0.021073837077251217
0.0,0.06380084,False,100,50,15,0.85,0.021073837077251217
0.85,0.027544592,False,100,50,15,0.85,0.021073837077251217
0.0,0.06380084,False,100,50,15,0.85,0.021073837077251217
0.0,0.05882681,False,100,50,15,0.85,0.021073837077251217
0.85,0.018408455,False,100,50,15,0.85,0.021073837077251217
0.0,0.06365336,False,100,50,15,0.85,0.021073837077251217
0.85,0.027544592,False,100,50,15,0.85,0.021073837077251217
0.85,0.027544592,False,100,50,15,0.85,0.021073837077251217
0.85,0.027544592,False,100,50,15,0.85,0.021073837077251217
0.85,0.027544592,False,100,50,15,0.85,0.021073837077251217
1.4107375e-16,0.06380084,False,100,50,15,0.85,0.021073837077251217
0.0,0.06380084,False,100,50,15,0.85,0.021073837077251217
0.85,0.00973123,False,100,50,15,0.85,0.021073837077251217
0.85,0.027544592,False,100,50,15,0.85,0.021073837077251217
1.3769523e-13,0.05405498,False,100,50,15,0.85,0.021073837077251217
0.0,0.052874975,False,100,50,15,0.85,0.021073837077251217
0.85,0.015947001,False,100,50,15,0.85,0.021073837077251217
0.85,0.024886338,False,100,50,15,0.85,0.021073837077251217
0.48944387,0.0,False,100,50,15,0.85,0.021073837077251217
1.7723778e-13,0.06285538,False,100,50,15,0.85,0.021073837077251217
0.85,0.0050831498,False,100,50,15,0.85,0.021073837077251217
0.8465877,0.02604794,False,100,50,15,0.85,0.021073837077251217
0.85,0.027544592,False,100,50,15,0.85,0.021073837077251217
0.85,0.027544592,False,100,50,15,0.85,0.021073837077251217
1.3470578e-13,0.061429385,False,100,50,15,0.85,0.021073837077251217
0.85,0.027544592,False,100,50,15,0.85,0.021073837077251217
0.0,0.06377499,False,100,50,15,0.85,0.021073837077251217
8.3854574e-14,0.061429385,False,100,50,15,0.85,0.021073837077251217
3.052213e-14,0.06380084,False,100,50,15,0.85,0.021073837077251217
0.85,0.025903102,False,100,50,15,0.85,0.021073837077251217
0.85,0.027544592,False,100,50,15,0.85,0.021073837077251217
0.108782224,0.0,False,100,50,15,0.85,0.021073837077251217
0.0,0.061429385,False,100,50,15,0.85,0.021073837077251217
5.189431e-13,0.061429385,False,100,50,15,0.85,0.021073837077251217
6.700722e-13,0.06380084,True,100,50,15,0.85,0.021073837077251217
0.85,0.02659549,False,100,50,15,0.85,0.021073837077251217
0.85,0.027544592,False,100,50,15,0.85,0.021073837077251217
4.0488165e-14,0.06380084,True,100,50,15,0.85,0.021073837077251217
0.85,0.027507551,False,100,50,15,0.85,0.021073837077251217
0.85,0.027544592,False,100,50,15,0.85,0.021073837077251217
0.85,0.027544592,False,100,50,15,0.85,0.021073837077251217
0.85,0.023116,False,100,50,15,0.85,0.021073837077251217
0.85,0.01884631,False,100,50,15,0.85,0.021073837077251217
1.338933e-13,0.06380084,False,100,50,15,0.85,0.021073837077251217
0.0,0.06356167,False,100,50,15,0.85,0.021073837077251217
0.85,0.027544592,False,100,50,15,0.85,0.021073837077251217
0.85,0.027179945,False,100,50,15,0.85,0.021073837077251217
0.85,0.025598636,False,100,50,15,0.85,0.021073837077251217
0.0,0.06380084,False,100,50,15,0.85,0.021073837077251217
0.0,0.061429385,False,100,50,15,0.85,0.021073837077251217
0.85,0.015386884,False,100,50,15,0.85,0.021073837077251217
0.85,0.025272468,False,100,50,15,0.85,0.021073837077251217
0.85,0.022815028,False,100,50,15,0.85,0.021073837077251217
0.0,0.06380084,False,100,50,15,0.85,0.021073837077251217
0.0,0.0,False,100,50,15,0.85,0.021073837077251217
0.0,0.06379055,False,100,50,15,0.85,0.021073837077251217
0.0,0.06380084,False,100,50,15,0.85,0.021073837077251217
0.85,0.021831315,False,100,50,15,0.85,0.021073837077251217
0.0,0.06380084,False,100,50,15,0.85,0.021073837077251217
0.85,0.027544592,False,100,50,15,0.85,0.021073837077251217
0.0,0.06380084,False,100,50,15,0.85,0.021073837077251217
0.0,0.06380084,False,100,50,15,0.85,0.021073837077251217
0.0,0.06334557,False,100,50,15,0.85,0.021073837077251217
0.85,0.016628033,False,100,50,15,0.85,0.021073837077251217
0.0,0.05675888,False,100,50,15,0.85,0.021073837077251217
0.0,0.06330495,False,100,50,15,0.85,0.021073837077251217
1.3654128e-13,0.06380084,True,100,50,15,0.85,0.021073837077251217
3.370493e-13,0.0637066,False,100,50,15,0.85,0.021073837077251217
0.85,0.027544592,False,100,50,15,0.85,0.021073837077251217
0.0,0.06341385,False,100,50,15,0.85,0.021073837077251217
0.85,0.01649247,False,100,50,15,0.85,0.021073837077251217
0.85,0.027188836,False,100,50,15,0.85,0.021073837077251217
0.0,0.06331781,False,100,50,15,0.85,0.021073837077251217
0.85,0.027544592,False,100,50,15,0.85,0.021073837077251217
0.0,0.061429385,False,100,50,15,0.85,0.021073837077251217
5.64503e-14,0.063544035,False,100,50,15,0.85,0.021073837077251217
1.1548329e-13,0.06326677,False,100,50,15,0.85,0.021073837077251217
0.85,0.027544592,False,100,50,15,0.85,0.021073837077251217
0.85,0.027544592,False,100,50,15,0.85,0.021073837077251217
0.85,0.0265709,False,100,50,15,0.85,0.021073837077251217
0.0,0.061429385,False,100,50,15,0.85,0.021073837077251217
2.86679e-13,0.06038757,False,100,50,15,0.85,0.021073837077251217
0.85,0.027544592,False,100,50,15,0.85,0.021073837077251217
0.85,0.027544592,False,100,50,15,0.85,0.021073837077251217
0.85,0.027544592,False,100,50,15,0.85,0.021073837077251217
0.79029745,0.029984027,True,100,50,15,0.85,0.021073837077251217
0.0,0.05933815,False,100,50,15,0.85,0.021073837077251217
0.85,0.027517185,False,100,50,15,0.85,0.021073837077251217
0.85,0.027473865,False,100,50,15,0.85,0.021073837077251217
0.85,0.019127233,False,100,50,15,0.85,0.021073837077251217
0.85,0.021187512,False,100,50,15,0.85,0.021073837077251217
0.85,0.027544592,False,100,50,15,0.85,0.021073837077251217
0.85,0.027193002,False,100,50,15,0.85,0.021073837077251217
0.85,0.027544592,False,100,50,15,0.85,0.021073837077251217
0.85,0.018874373,False,100,50,15,0.85,0.021073837077251217
0.0,0.05862695,False,100,50,15,0.85,0.021073837077251217
0.0,0.06380084,False,100,50,15,0.85,0.021073837077251217
0.85,0.027544592,False,100,50,15,0.85,0.021073837077251217
0.85,0.027544592,False,100,50,15,0.85,0.021073837077251217
0.85,0.027544592,False,100,50,15,0.85,0.021073837077251217
0.85,0.027544592,False,100,50,15,0.85,0.021073837077251217
0.85,0.027544592,False,100,50,15,0.85,0.021073837077251217
0.85,0.027544592,False,100,50,15,0.85,0.021073837077251217
0.85,0.01007021,False,100,50,15,0.85,0.021073837077251217
0.85,0.027544592,False,100,50,15,0.85,0.021073837077251217
0.85,0.025903102,False,100,50,15,0.85,0.021073837077251217
0.85,0.027544592,False,100,50,15,0.85,0.021073837077251217
0.0,0.06380084,False,100,50,15,0.85,0.021073837077251217
0.85,0.027544592,False,100,50,15,0.85,0.021073837077251217
0.85,0.027544592,False,100,50,15,0.85,0.021073837077251217
0.85,0.027544592,False,100,50,15,0.85,0.021073837077251217
0.85,0.027544592,False,100,50,15,0.85,0.021073837077251217
0.85,0.027544592,False,100,50,15,0.85,0.021073837077251217
0.0,0.06380084,False,100,50,15,0.85,0.021073837077251217
0.0,0.06379909,False,100,50,15,0.85,0.021073837077251217
0.85,0.021050584,False,100,50,15,0.85,0.021073837077251217
0.0,0.06340804,False,100,50,15,0.85,0.021073837077251217
0.85,0.027544592,False,100,50,15,0.85,0.021073837077251217
0.85,0.027245734,False,100,50,15,0.85,0.021073837077251217
0.0,0.057905316,False,100,50,15,0.85,0.021073837077251217
0.0,0.06380084,False,100,50,15,0.85,0.021073837077251217
0.85,0.027544592,False,100,50,15,0.85,0.021073837077251217
0.0,0.04263036,False,100,50,15,0.85,0.021073837077251217
0.0,0.06380084,False,100,50,15,0.85,0.021073837077251217
0.85,0.025605327,False,100,50,15,0.85,0.021073837077251217
0.85,0.025349256,False,100,50,15,0.85,0.021073837077251217
0.85,0.027544592,False,100,50,15,0.85,0.021073837077251217
0.0,0.06380084,False,100,50,15,0.85,0.021073837077251217
0.0,0.05476586,False,100,50,15,0.85,0.021073837077251217
0.85,0.027544592,False,100,50,15,0.85,0.021073837077251217
0.85,0.020816343,False,100,50,15,0.85,0.021073837077251217
0.85,0.019984404,False,100,50,15,0.85,0.021073837077251217
0.85,0.027544592,False,100,50,15,0.85,0.021073837077251217
0.85,0.027544592,False,100,50,15,0.85,0.021073837077251217
0.85,0.026577188,False,100,50,15,0.85,0.021073837077251217
0.85,0.020719875,False,100,50,15,0.85,0.021073837077251217
0.85,0.026621632,False,100,50,15,0.85,0.021073837077251217
0.85,0.027544592,False,100,50,15,0.85,0.021073837077251217
0.85,0.027544592,False,100,50,15,0.85,0.021073837077251217
0.85,0.02738998,False,100,50,15,0.85,0.021073837077251217
1.9289032e-12,0.06380084,True,100,50,15,0.85,0.021073837077251217
0.85,0.027544592,False,100,50,15,0.85,0.021073837077251217
0.85,0.02513412,False,100,50,15,0.85,0.021073837077251217
0.0,0.06380084,False,100,50,15,0.85,0.021073837077251217
0.85,0.027544592,False,100,50,15,0.85,0.021073837077251217
0.85,0.027544592,False,100,50,15,0.85,0.021073837077251217
0.0,0.06380084,False,100,50,15,0.85,0.021073837077251217
5.327749e-16,0.06380084,False,100,50,15,0.85,0.021073837077251217
0.0,0.06380084,False,100,50,15,0.85,0.021073837077251217
0.85,0.027544592,False,100,50,15,0.85,0.021073837077251217
0.85,0.027544592,False,100,50,15,0.85,0.021073837077251217
0.85,0.027544592,False,100,50,15,0.85,0.021073837077251217
0.85,0.01374472,False,100,50,15,0.85,0.021073837077251217
0.85,0.027544592,False,100,50,15,0.85,0.021073837077251217
4.2322123e-16,0.06380084,False,100,50,15,0.85,0.021073837077251217
0.85,0.027544592,False,100,50,15,0.85,0.021073837077251217
0.0,0.06377781,False,100,50,15,0.85,0.021073837077251217
0.85,0.027430411,False,100,50,15,0.85,0.021073837077251217
0.85,0.027544592,False,100,50,15,0.85,0.021073837077251217
0.85,0.022828601,False,100,50,15,0.85,0.021073837077251217
0.0,0.06380084,False,100,50,15,0.85,0.021073837077251217
0.3037704,0.05004218,True,100,50,15,0.85,0.021073837077251217
0.85,0.027544592,False,100,50,15,0.85,0.021073837077251217
2.2648789e-15,0.06380084,False,100,50,15,0.85,0.021073837077251217
0.85,0.027544592,False,100,50,15,0.85,0.021073837077251217
0.85,0.027544592,False,100,50,15,0.85,0.021073837077251217
0.0,0.04645608,False,100,50,15,0.85,0.021073837077251217
0.0,0.0,False,100,50,15,0.85,0.021073837077251217
0.85,0.025903102,False,100,50,15,0.85,0.021073837077251217
0.85,0.025903102,False,100,50,15,0.85,0.021073837077251217
0.85,0.02699669,False,100,50,15,0.85,0.021073837077251217
0.85,0.027544592,False,100,50,15,0.85,0.021073837077251217
0.85,0.027544592,False,100,50,15,0.85,0.021073837077251217
0.85,0.0036664717,False,100,50,15,0.85,0.021073837077251217
0.85,0.027517185,False,100,50,15,0.85,0.021073837077251217
0.0,0.06380084,False,100,50,15,0.85,0.021073837077251217
0.85,0.027544592,False,100,50,15,0.85,0.021073837077251217
0.85,0.027544592,False,100,50,15,0.85,0.021073837077251217
0.85,0.027544592,False,100,50,15,0.85,0.021073837077251217
0.85,0.027544592,False,100,50,15,0.85,0.021073837077251217
0.0,0.06356519,False,100,50,15,0.85,0.021073837077251217
0.85,0.027544592,False,100,50,15,0.85,0.021073837077251217
0.85,0.027544592,False,100,50,15,0.85,0.021073837077251217
0.85,0.0036664717,False,100,50,15,0.85,0.021073837077251217
0.69620097,0.0,False,100,50,15,0.85,0.021073837077251217
0.85,0.027544592,False,100,50,15,0.85,0.021073837077251217
0.85,0.027544592,False,100,50,15,0.85,0.021073837077251217
0.85,0.027544592,False,100,50,15,0.85,0.021073837077251217
0.85,0.005548132,False,100,50,15,0.85,0.021073837077251217
0.0,0.06379806,False,100,50,15,0.85,0.021073837077251217
0.85,0.027544592,False,100,50,15,0.85,0.021073837077251217
0.85,0.027544592,False,100,50,15,0.85,0.021073837077251217
0.85,0.026701719,False,100,50,15,0.85,0.021073837077251217
0.85,0.027189385,False,100,50,15,0.85,0.021073837077251217
0.85,0.027544592,False,100,50,15,0.85,0.021073837077251217
0.85,0.027544592,False,100,50,15,0.85,0.021073837077251217
0.0,0.03457641,False,100,50,15,0.85,0.021073837077251217
7.458506e-15,0.02013492,False,100,50,15,0.85,0.021073837077251217
0.85,0.027538002,False,100,50,15,0.85,0.021073837077251217
0.85,0.027517185,False,100,50,15,0.85,0.021073837077251217
0.85,0.027517185,False,100,50,15,0.85,0.021073837077251217
0.85,0.027541077,False,100,50,15,0.85,0.021073837077251217
0.0,0.06380084,False,100,50,15,0.85,0.021073837077251217
0.85,0.027544592,True,100,50,15,0.85,0.021073837077251217
0.0,0.06380084,False,100,50,15,0.85,0.021073837077251217
0.0,0.06380084,False,100,50,15,0.85,0.021073837077251217
0.85,0.027425312,False,100,50,15,0.85,0.021073837077251217
0.85,0.027544592,False,100,50,15,0.85,0.021073837077251217
0.85,0.027155556,False,100,50,15,0.85,0.021073837077251217
0.0,0.0,False,100,50,15,0.85,0.021073837077251217
0.85,0.02160038,False,100,50,15,0.85,0.021073837077251217
0.85,0.027544592,False,100,50,15,0.85,0.021073837077251217
0.0,0.06380084,False,100,50,15,0.85,0.021073837077251217
0.85,0.027544592,False,100,50,15,0.85,0.021073837077251217
0.85,0.027544592,False,100,50,15,0.85,0.021073837077251217
0.0,0.0,False,100,50,15,0.85,0.021073837077251217
0.0,0.06380084,False,100,50,15,0.85,0.021073837077251217
0.85,0.027544592,False,100,50,15,0.85,0.021073837077251217
0.85,0.027544592,False,100,50,15,0.85,0.021073837077251217
6.0173695e-14,0.06365417,False,100,50,15,0.85,0.021073837077251217
0.0,0.061429385,False,100,50,15,0.85,0.021073837077251217
0.85,0.027544592,False,100,50,15,0.85,0.021073837077251217
0.0,0.05746457,False,100,50,15,0.85,0.021073837077251217
0.0,0.061429385,False,100,50,15,0.85,0.021073837077251217
0.85,0.027544592,False,100,50,15,0.85,0.021073837077251217
0.0,0.06380084,False,100,50,15,0.85,0.021073837077251217
0.85,0.01874818,False,100,50,15,0.85,0.021073837077251217
0.0,0.0576363,False,100,50,15,0.85,0.021073837077251217
0.85,0.027544592,False,100,50,15,0.85,0.021073837077251217
0.85,0.023038955,False,100,50,15,0.85,0.021073837077251217
0.0,0.06380084,False,100,50,15,0.85,0.021073837077251217
0.85,0.027544592,False,100,50,15,0.85,0.021073837077251217
0.85,0.027544592,False,100,50,15,0.85,0.021073837077251217
0.85,0.027544592,False,100,50,15,0.85,0.021073837077251217
0.0,0.06380084,False,100,50,15,0.85,0.021073837077251217
0.85,0.027016541,False,100,50,15,0.85,0.021073837077251217
0.0,0.06380084,False,100,50,15,0.85,0.021073837077251217
0.85,0.027544592,False,100,50,15,0.85,0.021073837077251217
0.85,0.025903102,False,100,50,15,0.85,0.021073837077251217
0.85,0.027544592,False,100,50,15,0.85,0.021073837077251217
0.0,0.061429385,False,100,50,15,0.85,0.021073837077251217
0.0,0.05064561,False,100,50,15,0.85,0.021073837077251217
0.85,0.027544592,False,100,50,15,0.85,0.021073837077251217
0.85,0.01995497,False,100,50,15,0.85,0.021073837077251217
0.0,0.06380084,False,100,50,15,0.85,0.021073837077251217
0.0,0.06171592,False,100,50,15,0.85,0.021073837077251217
0.0,0.06380084,False,100,50,15,0.85,0.021073837077251217
0.85,0.027544592,False,100,50,15,0.85,0.021073837077251217
0.85,0.027544592,False,100,50,15,0.85,0.021073837077251217
1.9891398e-14,0.06380084,True,100,50,15,0.85,0.021073837077251217
0.0,0.06380084,False,100,50,15,0.85,0.021073837077251217
0.85,0.02753247,False,100,50,15,0.85,0.021073837077251217
0.85,0.024801765,False,100,50,15,0.85,0.021073837077251217
0.0,0.06380084,False,100,50,15,0.85,0.021073837077251217
0.85,0.027365807,False,100,50,15,0.85,0.021073837077251217
0.85,0.027544592,False,100,50,15,0.85,0.021073837077251217
0.85,0.027544592,False,100,50,15,0.85,0.021073837077251217
0.85,0.027317656,False,100,50,15,0.85,0.021073837077251217
0.0,0.06380084,False,100,50,15,0.85,0.021073837077251217
0.85,0.027544592,False,100,50,15,0.85,0.021073837077251217
0.85,0.027544592,False,100,50,15,0.85,0.021073837077251217
0.85,0.027544592,False,100,50,15,0.85,0.021073837077251217
0.85,0.027544592,False,100,50,15,0.85,0.021073837077251217
0.0,0.06380084,False,100,50,15,0.85,0.021073837077251217
0.0,0.06380049,False,100,50,15,0.85,0.021073837077251217
0.0,0.06380084,False,100,50,15,0.85,0.021073837077251217
1.8092338e-15,0.055112675,False,100,50,15,0.85,0.021073837077251217
0.0,0.039893847,False,100,50,15,0.85,0.021073837077251217
0.0,0.06380084,False,100,50,15,0.85,0.021073837077251217
0.85,0.027544592,False,100,50,15,0.85,0.021073837077251217
0.85,0.023998123,False,100,50,15,0.85,0.021073837077251217
0.85,0.025903102,False,100,50,15,0.85,0.021073837077251217
0.85,0.027544592,False,100,50,15,0.85,0.021073837077251217
0.0,0.06380084,False,100,50,15,0.85,0.021073837077251217
0.0,0.06380084,False,100,50,15,0.85,0.021073837077251217
0.85,0.027544592,False,100,50,15,0.85,0.021073837077251217
0.0,0.06380084,False,100,50,15,0.85,0.021073837077251217
0.85,0.027544592,False,100,50,15,0.85,0.021073837077251217
0.85,0.027544592,False,100,50,15,0.85,0.021073837077251217
0.0,0.06380084,False,100,50,15,0.85,0.021073837077251217
0.0,0.06370752,False,100,50,15,0.85,0.021073837077251217
0.0,0.06380084,False,100,50,15,0.85,0.021073837077251217
0.85,0.027481278,False,100,50,15,0.85,0.021073837077251217
0.036563694,0.062241625,True,100,50,15,0.85,0.021073837077251217
0.85,0.026807932,False,100,50,15,0.85,0.021073837077251217
0.85,0.027544592,False,100,50,15,0.85,0.021073837077251217
0.85,0.027544592,False,100,50,15,0.85,0.021073837077251217
0.0,0.0,False,100,50,15,0.85,0.021073837077251217
0.85,0.027303066,False,100,50,15,0.85,0.021073837077251217
0.0,0.06380084,False,100,50,15,0.85,0.021073837077251217
0.8168016,0.0,False,100,50,15,0.85,0.021073837077251217
0.85,0.027524391,False,100,50,15,0.85,0.021073837077251217
0.85,0.027521364,False,100,50,15,0.85,0.021073837077251217
0.85,0.0271471,False,100,50,15,0.85,0.021073837077251217
0.85,0.027521651,False,100,50,15,0.85,0.021073837077251217
0.85,0.025906172,False,100,50,15,0.85,0.021073837077251217
0.85,0.027544592,False,100,50,15,0.85,0.021073837077251217
0.85,0.021831315,False,100,50,15,0.85,0.021073837077251217
0.85,0.027544592,False,100,50,15,0.85,0.021073837077251217
0.85,0.008627204,False,100,50,15,0.85,0.021073837077251217
0.85,0.027544592,False,100,50,15,0.85,0.021073837077251217
0.85,0.027544592,False,100,50,15,0.85,0.021073837077251217
0.85,0.027544592,False,100,50,15,0.85,0.021073837077251217
0.85,0.027544592,False,100,50,15,0.85,0.021073837077251217
0.85,0.023038955,False,100,50,15,0.85,0.021073837077251217
0.85,0.027517185,False,100,50,15,0.85,0.021073837077251217
0.85,0.02752854,False,100,50,15,0.85,0.021073837077251217
0.015687045,0.06312912,True,100,50,15,0.85,0.021073837077251217
0.85,0.027525904,False,100,50,15,0.85,0.021073837077251217
0.0,0.06380084,False,100,50,15,0.85,0.021073837077251217
0.0,0.03311353,False,100,50,15,0.85,0.021073837077251217
0.85,0.027544592,False,100,50,15,0.85,0.021073837077251217
1.5274868e-16,0.06380084,False,100,50,15,0.85,0.021073837077251217
0.85,0.027544592,False,100,50,15,0.85,0.021073837077251217
0.85,0.027544592,False,100,50,15,0.85,0.021073837077251217
0.0,0.06380084,False,100,50,15,0.85,0.021073837077251217
0.85,0.027544592,False,100,50,15,0.85,0.021073837077251217
0.85,0.027544592,False,100,50,15,0.85,0.021073837077251217
0.33314928,0.049593374,True,100,50,15,0.85,0.021073837077251217
0.0,0.063790336,False,100,50,15,0.85,0.021073837077251217
0.0,0.06380084,False,100,50,15,0.85,0.021073837077251217
0.85,0.025815383,False,100,50,15,0.85,0.021073837077251217
0.85,0.027544592,False,100,50,15,0.85,0.021073837077251217
0.85,0.027544592,False,100,50,15,0.85,0.021073837077251217
0.85,0.027544592,False,100,50,15,0.85,0.021073837077251217
0.0,0.06380084,False,100,50,15,0.85,0.021073837077251217
0.85,0.027544592,False,100,50,15,0.85,0.021073837077251217
0.85,0.027544592,False,100,50,15,0.85,0.021073837077251217
0.85,0.027544592,False,100,50,15,0.85,0.021073837077251217
0.85,0.027544592,False,100,50,15,0.85,0.021073837077251217
0.0,0.06380084,False,100,50,15,0.85,0.021073837077251217
0.85,0.027544592,False,100,50,15,0.85,0.021073837077251217
0.0,0.061429385,False,100,50,15,0.85,0.021073837077251217
0.85,0.027544592,False,100,50,15,0.85,0.021073837077251217
0.0,0.06380084,False,100,50,15,0.85,0.021073837077251217
0.85,0.027544592,False,100,50,15,0.85,0.021073837077251217
0.85,0.027544592,False,100,50,15,0.85,0.021073837077251217
0.0,0.06380084,False,100,50,15,0.85,0.021073837077251217
0.85,0.027544592,False,100,50,15,0.85,0.021073837077251217
0.85,0.027314797,False,100,50,15,0.85,0.021073837077251217
0.0,0.06380084,False,100,50,15,0.85,0.021073837077251217
0.85,0.024116702,False,100,50,15,0.85,0.021073837077251217
0.85,0.027544592,False,100,50,15,0.85,0.021073837077251217
0.85,0.027299698,False,100,50,15,0.85,0.021073837077251217
0.85,0.026665797,False,100,50,15,0.85,0.021073837077251217
0.85,0.018605554,False,100,50,15,0.85,0.021073837077251217
0.0,0.06379878,False,100,50,15,0.85,0.021073837077251217
0.85,0.02322347,False,100,50,15,0.85,0.021073837077251217
2.3466233e-14,0.06380084,True,100,50,15,0.85,0.021073837077251217
0.0,0.06376603,False,100,50,15,0.85,0.021073837077251217
0.0,0.06380084,False,100,50,15,0.85,0.021073837077251217
0.85,0.027544592,False,100,50,15,0.85,0.021073837077251217
0.85,0.027544592,False,100,50,15,0.85,0.021073837077251217
0.85,0.027544592,False,100,50,15,0.85,0.021073837077251217
0.84076166,0.027938697,True,100,50,15,0.85,0.021073837077251217
0.85,0.027544592,False,100,50,15,0.85,0.021073837077251217
0.85,0.027544592,False,100,50,15,0.85,0.021073837077251217
0.85,0.026452122,False,100,50,15,0.85,0.021073837077251217
0.85,0.027544592,False,100,50,15,0.85,0.021073837077251217
0.85,0.027544592,False,100,50,15,0.85,0.021073837077251217
0.85,0.023038955,False,100,50,15,0.85,0.021073837077251217
0.85,0.027517185,False,100,50,15,0.85,0.021073837077251217
0.85,0.024763279,False,100,50,15,0.85,0.021073837077251217
0.0,0.06380084,False,100,50,15,0.85,0.021073837077251217
0.85,0.027544592,False,100,50,15,0.85,0.021073837077251217
0.0,0.0,False,100,50,15,0.85,0.021073837077251217
0.85,0.026104756,False,100,50,15,0.85,0.021073837077251217
0.85,0.027517185,False,100,50,15,0.85,0.021073837077251217
0.0,0.06380084,False,100,50,15,0.85,0.021073837077251217
0.85,0.025903102,False,100,50,15,0.85,0.021073837077251217
0.0,0.06380084,False,100,50,15,0.85,0.021073837077251217
0.85,0.027544592,False,100,50,15,0.85,0.021073837077251217
0.0,0.06380084,False,100,50,15,0.85,0.021073837077251217
3.6819736e-29,0.06380084,False,100,50,15,0.85,0.021073837077251217
0.85,0.025903102,False,100,50,15,0.85,0.021073837077251217
0.85,0.027544592,False,100,50,15,0.85,0.021073837077251217
0.85,0.02067788,False,100,50,15,0.85,0.021073837077251217
0.85,0.027544592,False,100,50,15,0.85,0.021073837077251217
0.0,0.06143838,False,100,50,15,0.85,0.021073837077251217
0.85,0.021392712,False,100,50,15,0.85,0.021073837077251217
4.739439e-14,0.06380084,False,100,50,15,0.85,0.021073837077251217
0.85,0.027544592,False,100,50,15,0.85,0.021073837077251217
0.85,0.025903102,False,100,50,15,0.85,0.021073837077251217
0.85,0.027544592,False,100,50,15,0.85,0.021073837077251217
0.85,0.01954815,False,100,50,15,0.85,0.021073837077251217
0.85,0.027544592,False,100,50,15,0.85,0.021073837077251217
1.8422392e-13,0.06131507,False,100,50,15,0.85,0.021073837077251217
0.85,0.025903102,False,100,50,15,0.85,0.021073837077251217
0.0,0.0,False,100,50,15,0.85,0.021073837077251217
0.49242422,0.042798724,True,100,50,15,0.85,0.021073837077251217
0.85,0.027544592,False,100,50,15,0.85,0.021073837077251217
0.0,0.06380084,False,100,50,15,0.85,0.021073837077251217
0.43946698,0.0,False,100,50,15,0.85,0.021073837077251217
0.85,0.027544592,False,100,50,15,0.85,0.021073837077251217
0.85,0.02726125,False,100,50,15,0.85,0.021073837077251217
7.874045e-14,0.05321997,False,100,50,15,0.85,0.021073837077251217
0.85,0.027544592,False,100,50,15,0.85,0.021073837077251217
1.5518112e-15,0.06380084,False,100,50,15,0.85,0.021073837077251217
0.85,0.027544592,False,100,50,15,0.85,0.021073837077251217
0.85,0.023624143,False,100,50,15,0.85,0.021073837077251217
0.85,0.013524679,False,100,50,15,0.85,0.021073837077251217
0.0,0.06380084,False,100,50,15,0.85,0.021073837077251217
0.0,0.06380084,False,100,50,15,0.85,0.021073837077251217
0.85,0.027544592,False,100,50,15,0.85,0.021073837077251217
0.85,0.027544592,False,100,50,15,0.85,0.021073837077251217
0.0,0.06380084,False,100,50,15,0.85,0.021073837077251217
0.85,0.027544592,False,100,50,15,0.85,0.021073837077251217
0.28954497,0.0,False,100,50,15,0.85,0.021073837077251217
0.0,0.06363279,False,100,50,15,0.85,0.021073837077251217
0.85,0.027544592,False,100,50,15,0.85,0.021073837077251217
0.0,0.06380084,False,100,50,15,0.85,0.021073837077251217
0.0,0.063269824,False,100,50,15,0.85,0.021073837077251217
0.0,0.06380084,True,100,50,15,0.85,0.021073837077251217
0.85,0.027544592,False,100,50,15,0.85,0.021073837077251217
0.85,0.022665394,False,100,50,15,0.85,0.021073837077251217
0.85,0.023618063,False,100,50,15,0.85,0.021073837077251217
0.0,0.06353226,False,100,50,15,0.85,0.021073837077251217
0.85,0.027544592,False,100,50,15,0.85,0.021073837077251217
0.0,0.06303895,False,100,50,15,0.85,0.021073837077251217
0.0,0.03434821,False,100,50,15,0.85,0.021073837077251217
0.0,0.037121356,False,100,50,15,0.85,0.021073837077251217
0.85,0.027544592,False,100,50,15,0.85,0.021073837077251217
0.85,0.021453163,False,100,50,15,0.85,0.021073837077251217
0.85,0.02118309,False,100,50,15,0.85,0.021073837077251217
0.7207856,0.017597644,False,100,50,15,0.85,0.021073837077251217
0.0,0.06379515,False,100,50,15,0.85,0.021073837077251217
0.0,0.06380084,False,100,50,15,0.85,0.021073837077251217
0.85,0.027544592,False,100,50,15,0.85,0.021073837077251217
0.0,0.06380084,False,100,50,15,0.85,0.021073837077251217
0.85,0.027473668,False,100,50,15,0.85,0.021073837077251217
0.85,0.027544592,False,100,50,15,0.85,0.021073837077251217
0.0,0.06370992,False,100,50,15,0.85,0.021073837077251217
0.85,0.027544592,False,100,50,15,0.85,0.021073837077251217
0.0,0.06366457,False,100,50,15,0.85,0.021073837077251217
0.85,0.027544592,False,100,50,15,0.85,0.021073837077251217
0.85,0.025903102,False,100,50,15,0.85,0.021073837077251217
5.053318e-15,0.061429385,False,100,50,15,0.85,0.021073837077251217
0.85,0.025903102,False,100,50,15,0.85,0.021073837077251217
0.85,0.02428206,False,100,50,15,0.85,0.021073837077251217
0.85,0.020363647,False,100,50,15,0.85,0.021073837077251217
0.85,0.020219896,False,100,50,15,0.85,0.021073837077251217
0.0,0.06377792,False,100,50,15,0.85,0.021073837077251217
0.85,0.02680039,False,100,50,15,0.85,0.021073837077251217
0.85,0.027544592,False,100,50,15,0.85,0.021073837077251217
0.85,0.027544592,False,100,50,15,0.85,0.021073837077251217
0.85,0.027544592,False,100,50,15,0.85,0.021073837077251217
0.0,0.06380084,False,100,50,15,0.85,0.021073837077251217
0.0,0.06380084,False,100,50,15,0.85,0.021073837077251217
0.85,0.027544592,False,100,50,15,0.85,0.021073837077251217
0.0,0.057375167,False,100,50,15,0.85,0.021073837077251217
0.85,0.02722845,False,100,50,15,0.85,0.021073837077251217
0.0,0.06369188,False,100,50,15,0.85,0.021073837077251217
0.85,0.027544592,False,100,50,15,0.85,0.021073837077251217
0.85,0.027544592,False,100,50,15,0.85,0.021073837077251217
0.0,0.052890744,False,100,50,15,0.85,0.021073837077251217
0.85,0.020219132,False,100,50,15,0.85,0.021073837077251217
0.85,0.027544592,False,100,50,15,0.85,0.021073837077251217
0.85,0.027544592,False,100,50,15,0.85,0.021073837077251217
0.85,0.027544592,False,100,50,15,0.85,0.021073837077251217
0.0,0.06380084,False,100,50,15,0.85,0.021073837077251217
0.0,0.06380084,False,100,50,15,0.85,0.021073837077251217
0.85,0.027544592,False,100,50,15,0.85,0.021073837077251217
9.164921e-16,0.06380084,False,100,50,15,0.85,0.021073837077251217
0.85,0.027544592,False,100,50,15,0.85,0.021073837077251217
0.85,0.027544592,False,100,50,15,0.85,0.021073837077251217
0.0,0.06380084,False,100,50,15,0.85,0.021073837077251217
0.85,0.021831315,False,100,50,15,0.85,0.021073837077251217
0.85,0.019895792,False,100,50,15,0.85,0.021073837077251217
0.85,0.021471499,False,100,50,15,0.85,0.021073837077251217
0.85,0.026775464,False,100,50,15,0.85,0.021073837077251217
0.85,0.027544592,False,100,50,15,0.85,0.021073837077251217
0.85,0.027544592,False,100,50,15,0.85,0.021073837077251217
0.85,0.027544592,False,100,50,15,0.85,0.021073837077251217
0.0,0.06380084,False,100,50,15,0.85,0.021073837077251217
0.0,0.0,False,100,50,15,0.85,0.021073837077251217
0.85,0.027544592,False,100,50,15,0.85,0.021073837077251217
0.0,0.061429385,False,100,50,15,0.85,0.021073837077251217
0.85,0.027544592,False,100,50,15,0.85,0.021073837077251217
0.85,0.027544592,False,100,50,15,0.85,0.021073837077251217
0.62120247,0.03730506,True,100,50,15,0.85,0.021073837077251217
0.0,0.063130535,False,100,50,15,0.85,0.021073837077251217
0.0,0.06380084,False,100,50,15,0.85,0.021073837077251217
0.85,0.027386375,False,100,50,15,0.85,0.021073837077251217
0.0,0.061814837,False,100,50,15,0.85,0.021073837077251217
0.0,0.061429385,False,100,50,15,0.85,0.021073837077251217
0.85,0.027544592,False,100,50,15,0.85,0.021073837077251217
0.85,0.027544592,False,100,50,15,0.85,0.021073837077251217
0.85,0.027544592,False,100,50,15,0.85,0.021073837077251217
0.0,0.06380084,False,100,50,15,0.85,0.021073837077251217
0.0,0.06380084,False,100,50,15,0.85,0.021073837077251217
0.85,0.027544592,False,100,50,15,0.85,0.021073837077251217
0.85,0.027377909,False,100,50,15,0.85,0.021073837077251217
0.0,0.06380084,False,100,50,15,0.85,0.021073837077251217
0.85,0.027544592,False,100,50,15,0.85,0.021073837077251217
0.85,0.02742231,False,100,50,15,0.85,0.021073837077251217
0.0,0.06380084,False,100,50,15,0.85,0.021073837077251217
0.0,0.06323555,False,100,50,15,0.85,0.021073837077251217
0.0060747433,0.040831342,False,100,50,15,0.85,0.021073837077251217
0.85,0.027301246,False,100,50,15,0.85,0.021073837077251217
0.0,0.06380084,False,100,50,15,0.85,0.021073837077251217
3.6569196e-18,0.063800715,False,100,50,15,0.85,0.021073837077251217
0.85,0.027544592,False,100,50,15,0.85,0.021073837077251217
0.85,0.027544592,False,100,50,15,0.85,0.021073837077251217
7.152439e-14,0.06380084,False,100,50,15,0.85,0.021073837077251217
3.5718143e-16,0.06380084,False,100,50,15,0.85,0.021073837077251217
0.85,0.027544592,False,100,50,15,0.85,0.021073837077251217
0.85,0.027544592,False,100,50,15,0.85,0.021073837077251217
0.85,0.0040829564,False,100,50,15,0.85,0.021073837077251217
0.85,0.027256196,False,100,50,15,0.85,0.021073837077251217
0.69813466,0.034023147,True,100,50,15,0.85,0.021073837077251217
0.0,0.06380084,False,100,50,15,0.85,0.021073837077251217
0.85,0.027544592,False,100,50,15,0.85,0.021073837077251217
0.0,0.06380084,False,100,50,15,0.85,0.021073837077251217
0.85,0.019398764,False,100,50,15,0.85,0.021073837077251217
0.85,0.026264392,False,100,50,15,0.85,0.021073837077251217
0.0,0.06380084,False,100,50,15,0.85,0.021073837077251217
0.85,0.027544592,False,100,50,15,0.85,0.021073837077251217
0.85,0.027544592,False,100,50,15,0.85,0.021073837077251217
0.85,0.027544592,False,100,50,15,0.85,0.021073837077251217
0.85,0.022262182,False,100,50,15,0.85,0.021073837077251217
0.0,0.063799016,False,100,50,15,0.85,0.021073837077251217
0.0,0.03170623,False,100,50,15,0.85,0.021073837077251217
0.85,0.027532494,False,100,50,15,0.85,0.021073837077251217
0.0,0.06380084,False,100,50,15,0.85,0.021073837077251217
0.85,0.027544592,False,100,50,15,0.85,0.021073837077251217
0.85,0.025903102,False,100,50,15,0.85,0.021073837077251217
0.85,0.024081942,False,100,50,15,0.85,0.021073837077251217
6.0805187e-16,0.06380084,False,100,50,15,0.85,0.021073837077251217
0.85,0.027544592,False,100,50,15,0.85,0.021073837077251217
0.85,0.02717799,False,100,50,15,0.85,0.021073837077251217
0.85,0.027311048,False,100,50,15,0.85,0.021073837077251217
0.0,0.06380084,False,100,50,15,0.85,0.021073837077251217
0.85,0.021598423,False,100,50,15,0.85,0.021073837077251217
0.85,0.027544592,False,100,50,15,0.85,0.021073837077251217
0.85,0.027544592,False,100,50,15,0.85,0.021073837077251217
0.85,0.02615721,False,100,50,15,0.85,0.021073837077251217
0.85,0.027544592,False,100,50,15,0.85,0.021073837077251217
0.85,0.027544592,False,100,50,15,0.85,0.021073837077251217
0.85,0.027544592,False,100,50,15,0.85,0.021073837077251217
0.85,0.027544592,False,100,50,15,0.85,0.021073837077251217
0.0,0.06380084,False,100,50,15,0.85,0.021073837077251217
0.85,0.027244361,False,100,50,15,0.85,0.021073837077251217
0.85,0.027544592,False,100,50,15,0.85,0.021073837077251217
0.85,0.027544592,False,100,50,15,0.85,0.021073837077251217
0.85,0.027544592,False,100,50,15,0.85,0.021073837077251217
0.85,0.027544592,False,100,50,15,0.85,0.021073837077251217
6.3483184e-15,0.06380084,True,100,50,15,0.85,0.021073837077251217
0.0,0.06380084,False,100,50,15,0.85,0.021073837077251217
0.85,0.027544592,False,100,50,15,0.85,0.021073837077251217
0.85,0.02728384,False,100,50,15,0.85,0.021073837077251217
0.85,0.023892686,False,100,50,15,0.85,0.021073837077251217
0.85,0.027544592,False,100,50,15,0.85,0.021073837077251217
0.85,0.025903102,False,100,50,15,0.85,0.021073837077251217
0.85,0.025903102,False,100,50,15,0.85,0.021073837077251217
0.85,0.027544592,False,100,50,15,0.85,0.021073837077251217
0.70879906,0.0,False,100,50,15,0.85,0.021073837077251217
0.0,0.061429385,False,100,50,15,0.85,0.021073837077251217
0.85,0.0019320889,False,100,50,15,0.85,0.021073837077251217
0.85,0.027540939,False,100,50,15,0.85,0.021073837077251217
0.85,0.025903102,False,100,50,15,0.85,0.021073837077251217
0.85,0.027168252,False,100,50,15,0.85,0.021073837077251217
0.85,0.015748309,False,100,50,15,0.85,0.021073837077251217
0.0,0.06376111,False,100,50,15,0.85,0.021073837077251217
0.85,0.027544592,False,100,50,15,0.85,0.021073837077251217
0.85,0.027544592,False,100,50,15,0.85,0.021073837077251217
0.0,0.06380084,False,100,50,15,0.85,0.021073837077251217
0.85,0.027538244,False,100,50,15,0.85,0.021073837077251217
0.85,0.01894134,False,100,50,15,0.85,0.021073837077251217
0.85,0.0217769,False,100,50,15,0.85,0.021073837077251217
0.85,0.021831315,False,100,50,15,0.85,0.021073837077251217
1.691507e-15,0.06380084,False,100,50,15,0.85,0.021073837077251217
0.85,0.023038955,False,100,50,15,0.85,0.021073837077251217
0.85,0.027544592,False,100,50,15,0.85,0.021073837077251217
0.85,0.02729466,False,100,50,15,0.85,0.021073837077251217
0.681576,0.0,False,100,50,15,0.85,0.021073837077251217
0.0,0.06380084,False,100,50,15,0.85,0.021073837077251217
0.85,0.027544592,False,100,50,15,0.85,0.021073837077251217
0.85,0.025823958,False,100,50,15,0.85,0.021073837077251217
0.85,0.027544592,False,100,50,15,0.85,0.021073837077251217
0.85,0.027173273,False,100,50,15,0.85,0.021073837077251217
0.85,0.009792646,False,100,50,15,0.85,0.021073837077251217
0.85,0.027544592,False,100,50,15,0.85,0.021073837077251217
0.85,0.025903102,False,100,50,15,0.85,0.021073837077251217
0.0,0.06380084,False,100,50,15,0.85,0.021073837077251217
0.0,0.06380084,False,100,50,15,0.85,0.021073837077251217
1.7501948e-31,0.06380084,False,100,50,15,0.85,0.021073837077251217
0.85,0.017169528,False,100,50,15,0.85,0.021073837077251217
0.0,0.06380084,False,100,50,15,0.85,0.021073837077251217
0.85,0.027544592,False,100,50,15,0.85,0.021073837077251217
0.0,0.036843862,False,100,50,15,0.85,0.021073837077251217
0.85,0.027517185,False,100,50,15,0.85,0.021073837077251217
0.85,0.027521733,False,100,50,15,0.85,0.021073837077251217
0.85,0.02752302,False,100,50,15,0.85,0.021073837077251217
0.85,0.027517185,False,100,50,15,0.85,0.021073837077251217
0.0,0.06380084,False,100,50,15,0.85,0.021073837077251217
0.85,0.007901397,False,100,50,15,0.85,0.021073837077251217
0.85,0.025903102,False,100,50,15,0.85,0.021073837077251217
0.85,0.027544592,False,100,50,15,0.85,0.021073837077251217
0.85,0.025903102,False,100,50,15,0.85,0.021073837077251217
0.85,0.027544592,False,100,50,15,0.85,0.021073837077251217
0.0,0.06380084,False,100,50,15,0.85,0.021073837077251217
0.0,0.06380084,False,100,50,15,0.85,0.021073837077251217
0.85,0.02495351,False,100,50,15,0.85,0.021073837077251217
0.85,0.027544592,False,100,50,15,0.85,0.021073837077251217
0.0,0.06380084,False,100,50,15,0.85,0.021073837077251217
0.85,0.025903102,False,100,50,15,0.85,0.021073837077251217
0.85,0.027544592,False,100,50,15,0.85,0.021073837077251217
0.85,0.027544592,False,100,50,15,0.85,0.021073837077251217
0.85,0.027544592,False,100,50,15,0.85,0.021073837077251217
0.85,0.027544592,False,100,50,15,0.85,0.021073837077251217
0.0,0.06380084,False,100,50,15,0.85,0.021073837077251217
0.85,0.02309784,False,100,50,15,0.85,0.021073837077251217
0.85,0.027544592,False,100,50,15,0.85,0.021073837077251217
0.85,0.027544592,False,100,50,15,0.85,0.021073837077251217
1.4107375e-16,0.06380084,False,100,50,15,0.85,0.021073837077251217
0.0,0.06362644,False,100,50,15,0.85,0.021073837077251217
0.0,0.06380084,False,100,50,15,0.85,0.021073837077251217
0.85,0.02426821,False,100,50,15,0.85,0.021073837077251217
0.85,0.0274901,False,100,50,15,0.85,0.021073837077251217
0.85,0.022252817,False,100,50,15,0.85,0.021073837077251217
0.0,0.060302697,False,100,50,15,0.85,0.021073837077251217
0.0,0.06380084,False,100,50,15,0.85,0.021073837077251217
0.0,0.06380084,False,100,50,15,0.85,0.021073837077251217
0.85,0.021070777,False,100,50,15,0.85,0.021073837077251217
0.85,0.027544592,False,100,50,15,0.85,0.021073837077251217
0.85,0.027544592,False,100,50,15,0.85,0.021073837077251217
0.0,0.06380084,False,100,50,15,0.85,0.021073837077251217
0.0,0.06380084,False,100,50,15,0.85,0.021073837077251217
0.85,0.027544592,False,100,50,15,0.85,0.021073837077251217
0.85,0.027544592,False,100,50,15,0.85,0.021073837077251217
0.85,0.027544592,False,100,50,15,0.85,0.021073837077251217
0.0,0.053133946,False,100,50,15,0.85,0.021073837077251217
0.85,0.024930246,False,100,50,15,0.85,0.021073837077251217
0.0,0.06380084,False,100,50,15,0.85,0.021073837077251217
0.85,0.027544592,False,100,50,15,0.85,0.021073837077251217
0.0,0.06380084,False,100,50,15,0.85,0.021073837077251217
0.85,0.027544592,False,100,50,15,0.85,0.021073837077251217
0.0,0.06380084,False,100,50,15,0.85,0.021073837077251217
0.85,0.026463624,False,100,50,15,0.85,0.021073837077251217
0.0,0.06380084,False,100,50,15,0.85,0.021073837077251217
0.85,0.023750499,False,100,50,15,0.85,0.021073837077251217
0.0,0.06380084,False,100,50,15,0.85,0.021073837077251217
0.85,0.027544592,False,100,50,15,0.85,0.021073837077251217
0.85,0.027544592,False,100,50,15,0.85,0.021073837077251217
0.0,0.06365341,False,100,50,15,0.85,0.021073837077251217
0.85,0.027544592,False,100,50,15,0.85,0.021073837077251217
0.85,0.027544592,False,100,50,15,0.85,0.021073837077251217
3.5631577e-33,0.0,False,100,50,15,0.85,0.021073837077251217
0.0,0.06380084,False,100,50,15,0.85,0.021073837077251217
0.85,0.027544592,False,100,50,15,0.85,0.021073837077251217
0.85,0.027544592,False,100,50,15,0.85,0.021073837077251217
0.85,0.027544592,False,100,50,15,0.85,0.021073837077251217
0.85,0.026635932,False,100,50,15,0.85,0.021073837077251217
0.85,0.027544592,False,100,50,15,0.85,0.021073837077251217
0.85,0.027501404,False,100,50,15,0.85,0.021073837077251217
0.85,0.027544592,False,100,50,15,0.85,0.021073837077251217
0.85,0.02303785,False,100,50,15,0.85,0.021073837077251217
0.85,0.027517185,False,100,50,15,0.85,0.021073837077251217
0.85,0.027517185,False,100,50,15,0.85,0.021073837077251217
0.5174145,0.041641325,True,100,50,15,0.85,0.021073837077251217
0.85,0.027544592,False,100,50,15,0.85,0.021073837077251217
0.85,0.027544592,False,100,50,15,0.85,0.021073837077251217
0.78876495,0.0,False,100,50,15,0.85,0.021073837077251217
0.0,0.06380084,False,100,50,15,0.85,0.021073837077251217
0.0,0.05015455,False,100,50,15,0.85,0.021073837077251217
0.85,0.027544592,False,100,50,15,0.85,0.021073837077251217
2.1541961e-13,0.06380084,True,100,50,15,0.85,0.021073837077251217
0.85,0.027544592,False,100,50,15,0.85,0.021073837077251217
0.85,0.027544592,False,100,50,15,0.85,0.021073837077251217
0.85,0.027544592,False,100,50,15,0.85,0.021073837077251217
0.85,0.027544592,False,100,50,15,0.85,0.021073837077251217
0.85,0.025903102,False,100,50,15,0.85,0.021073837077251217
0.85,0.027544592,False,100,50,15,0.85,0.021073837077251217
3.7020934e-15,0.06380084,False,100,50,15,0.85,0.021073837077251217
0.85,0.027544592,False,100,50,15,0.85,0.021073837077251217
0.0,0.06380084,False,100,50,15,0.85,0.021073837077251217
0.85,0.027544592,False,100,50,15,0.85,0.021073837077251217
0.85,0.0018616699,False,100,50,15,0.85,0.021073837077251217
0.0,0.06379712,False,100,50,15,0.85,0.021073837077251217
0.85,0.02752865,False,100,50,15,0.85,0.021073837077251217
0.85,0.023038955,False,100,50,15,0.85,0.021073837077251217
0.0,0.06380084,False,100,50,15,0.85,0.021073837077251217
0.85,0.027544592,False,100,50,15,0.85,0.021073837077251217
0.0,0.06380084,False,100,50,15,0.85,0.021073837077251217
0.85,0.027544592,False,100,50,15,0.85,0.021073837077251217
0.0,0.06380084,False,100,50,15,0.85,0.021073837077251217
0.85,0.018856226,False,100,50,15,0.85,0.021073837077251217
0.85,0.027544592,False,100,50,15,0.85,0.021073837077251217
1.2696637e-15,0.06380084,False,100,50,15,0.85,0.021073837077251217
0.0,0.057905316,False,100,50,15,0.85,0.021073837077251217
0.85,0.027544592,False,100,50,15,0.85,0.021073837077251217
0.0,0.06380084,False,100,50,15,0.85,0.021073837077251217
0.0,0.06380084,False,100,50,15,0.85,0.021073837077251217
0.67780757,0.0,False,100,50,15,0.85,0.021073837077251217
0.85,0.004706572,False,100,50,15,0.85,0.021073837077251217
2.214278e-14,0.06380084,True,100,50,15,0.85,0.021073837077251217
1.1265389e-15,0.06380084,False,100,50,15,0.85,0.021073837077251217
0.85,0.027544592,False,100,50,15,0.85,0.021073837077251217
0.85,0.027544592,False,100,50,15,0.85,0.021073837077251217
0.85,0.027544592,False,100,50,15,0.85,0.021073837077251217
0.85,0.017918047,False,100,50,15,0.85,0.021073837077251217
0.85,0.027544592,False,100,50,15,0.85,0.021073837077251217
0.85,0.027544592,False,100,50,15,0.85,0.021073837077251217
6.528361e-15,0.06371018,False,100,50,15,0.85,0.021073837077251217
0.0,0.06380084,False,100,50,15,0.85,0.021073837077251217
0.85,0.008691454,False,100,50,15,0.85,0.021073837077251217
0.85,0.027544592,False,100,50,15,0.85,0.021073837077251217
0.85,0.025597893,False,100,50,15,0.85,0.021073837077251217
0.0,0.06380084,False,100,50,15,0.85,0.021073837077251217
7.454757e-13,0.06380084,True,100,50,15,0.85,0.021073837077251217
0.5515073,0.040278252,True,100,50,15,0.85,0.021073837077251217
0.85,0.027544592,False,100,50,15,0.85,0.021073837077251217
0.85,0.019937271,False,100,50,15,0.85,0.021073837077251217
0.85,0.027544592,False,100,50,15,0.85,0.021073837077251217
0.0,0.06380084,False,100,50,15,0.85,0.021073837077251217
0.0,0.06380084,False,100,50,15,0.85,0.021073837077251217
0.85,0.027544592,False,100,50,15,0.85,0.021073837077251217
7.0536875e-16,0.06380084,False,100,50,15,0.85,0.021073837077251217
0.85,0.027544592,False,100,50,15,0.85,0.021073837077251217
0.0,0.06379531,False,100,50,15,0.85,0.021073837077251217
0.85,0.027140178,False,100,50,15,0.85,0.021073837077251217
0.005794525,0.06355374,True,100,50,15,0.85,0.021073837077251217
0.0,0.063524276,False,100,50,15,0.85,0.021073837077251217
0.85,0.027544592,False,100,50,15,0.85,0.021073837077251217
0.0,0.0,False,100,50,15,0.85,0.021073837077251217
0.0,0.06380084,False,100,50,15,0.85,0.021073837077251217
0.85,0.024440622,False,100,50,15,0.85,0.021073837077251217
0.85,0.027544592,False,100,50,15,0.85,0.021073837077251217
0.85,0.027544592,False,100,50,15,0.85,0.021073837077251217
0.0,0.06380084,False,100,50,15,0.85,0.021073837077251217
0.85,0.027509877,False,100,50,15,0.85,0.021073837077251217
0.85,0.027544592,False,100,50,15,0.85,0.021073837077251217
0.0,0.06380084,False,100,50,15,0.85,0.021073837077251217
0.0,0.0,False,100,50,15,0.85,0.021073837077251217
0.85,0.027522953,False,100,50,15,0.85,0.021073837077251217
0.85,0.008763435,False,100,50,15,0.85,0.021073837077251217
0.85,0.027506128,False,100,50,15,0.85,0.021073837077251217
0.85,0.027544592,False,100,50,15,0.85,0.021073837077251217
0.85,0.027544592,False,100,50,15,0.85,0.021073837077251217
0.85,0.023057781,False,100,50,15,0.85,0.021073837077251217
0.85,0.027153585,False,100,50,15,0.85,0.021073837077251217
0.85,0.027544592,False,100,50,15,0.85,0.021073837077251217
0.0,0.06380084,False,100,50,15,0.85,0.021073837077251217
0.85,0.027544592,False,100,50,15,0.85,0.021073837077251217
0.85,0.027544592,False,100,50,15,0.85,0.021073837077251217
0.85,0.027544592,False,100,50,15,0.85,0.021073837077251217
0.85,0.021772059,False,100,50,15,0.85,0.021073837077251217
0.0,0.06379232,False,100,50,15,0.85,0.021073837077251217
0.85,0.027544592,False,100,50,15,0.85,0.021073837077251217
0.85,0.019291028,False,100,50,15,0.85,0.021073837077251217
0.85,0.01949892,False,100,50,15,0.85,0.021073837077251217
0.0,0.06380084,False,100,50,15,0.85,0.021073837077251217
0.85,0.027544592,False,100,50,15,0.85,0.021073837077251217
0.0,0.06380084,False,100,50,15,0.85,0.021073837077251217
0.85,0.027544592,False,100,50,15,0.85,0.021073837077251217
0.85,0.027544592,False,100,50,15,0.85,0.021073837077251217
0.0,0.06380084,False,100,50,15,0.85,0.021073837077251217
0.85,0.027544592,False,100,50,15,0.85,0.021073837077251217
0.85,0.027544592,False,100,50,15,0.85,0.021073837077251217
0.85,0.027544592,False,100,50,15,0.85,0.021073837077251217
0.85,0.027273154,False,100,50,15,0.85,0.021073837077251217
1.0526207e-14,0.06380084,False,100,50,15,0.85,0.021073837077251217
0.85,0.02731394,False,100,50,15,0.85,0.021073837077251217
0.85,0.027544592,False,100,50,15,0.85,0.021073837077251217
0.85,0.011733568,False,100,50,15,0.85,0.021073837077251217
0.85,0.0149700595,False,100,50,15,0.85,0.021073837077251217
0.85,0.027529351,False,100,50,15,0.85,0.021073837077251217
0.85,0.027535697,False,100,50,15,0.85,0.021073837077251217
3.5631577e-33,0.0,False,100,50,15,0.85,0.021073837077251217
0.0,0.06044809,False,100,50,15,0.85,0.021073837077251217
0.85,0.027544592,False,100,50,15,0.85,0.021073837077251217
0.85,0.026452875,False,100,50,15,0.85,0.021073837077251217
0.85,0.02681697,False,100,50,15,0.85,0.021073837077251217
0.0,0.06380084,False,100,50,15,0.85,0.021073837077251217
0.0,0.061228555,False,100,50,15,0.85,0.021073837077251217
0.85,0.026504518,False,100,50,15,0.85,0.021073837077251217
0.0,0.061429385,False,100,50,15,0.85,0.021073837077251217
0.0,0.057291117,False,100,50,15,0.85,0.021073837077251217
0.85,0.02627658,False,100,50,15,0.85,0.021073837077251217
0.85,0.023914877,False,100,50,15,0.85,0.021073837077251217
0.0,0.06380084,False,100,50,15,0.85,0.021073837077251217
0.0,0.037796374,False,100,50,15,0.85,0.021073837077251217
0.0,0.05665624,False,100,50,15,0.85,0.021073837077251217
0.85,0.017408377,False,100,50,15,0.85,0.021073837077251217
0.0,0.06380084,False,100,50,15,0.85,0.021073837077251217
0.0,0.05969062,False,100,50,15,0.85,0.021073837077251217
0.85,0.027544592,False,100,50,15,0.85,0.021073837077251217
0.85,0.027544592,False,100,50,15,0.85,0.021073837077251217
0.0,0.06380084,False,100,50,15,0.85,0.021073837077251217
0.0,0.06380084,False,100,50,15,0.85,0.021073837077251217
0.85,0.021843627,False,100,50,15,0.85,0.021073837077251217
0.85,0.027544592,False,100,50,15,0.85,0.021073837077251217
0.85,0.027544592,False,100,50,15,0.85,0.021073837077251217
0.85,0.027544592,False,100,50,15,0.85,0.021073837077251217
0.85,0.006550924,False,100,50,15,0.85,0.021073837077251217
0.85,0.027544592,False,100,50,15,0.85,0.021073837077251217
0.85,0.027544592,False,100,50,15,0.85,0.021073837077251217
0.85,0.027544592,False,100,50,15,0.85,0.021073837077251217
0.0,0.020976303,False,100,50,15,0.85,0.021073837077251217
0.0,0.06380084,False,100,50,15,0.85,0.021073837077251217
0.85,0.027544592,False,100,50,15,0.85,0.021073837077251217
0.0,0.06380084,False,100,50,15,0.85,0.021073837077251217
0.85,0.027544592,False,100,50,15,0.85,0.021073837077251217
0.85,0.027544592,False,100,50,15,0.85,0.021073837077251217
0.83268917,0.0032145064,False,100,50,15,0.85,0.021073837077251217
0.0,0.06380084,False,100,50,15,0.85,0.021073837077251217
0.85,0.027544592,False,100,50,15,0.85,0.021073837077251217
1.1991268e-14,0.06380084,True,100,50,15,0.85,0.021073837077251217
0.85,0.027544592,False,100,50,15,0.85,0.021073837077251217
0.24366872,0.018940927,False,100,50,15,0.85,0.021073837077251217
0.85,0.027544592,False,100,50,15,0.85,0.021073837077251217
0.0,0.06380084,False,100,50,15,0.85,0.021073837077251217
0.85,0.026394391,False,100,50,15,0.85,0.021073837077251217
0.85,0.027544592,False,100,50,15,0.85,0.021073837077251217
0.85,0.027544592,False,100,50,15,0.85,0.021073837077251217
0.85,0.027544592,False,100,50,15,0.85,0.021073837077251217
0.85,0.027544592,False,100,50,15,0.85,0.021073837077251217
0.85,0.027544592,False,100,50,15,0.85,0.021073837077251217
0.85,0.018520597,False,100,50,15,0.85,0.021073837077251217
0.85,0.027544592,False,100,50,15,0.85,0.021073837077251217
0.85,0.027544592,False,100,50,15,0.85,0.021073837077251217
0.85,0.025472356,False,100,50,15,0.85,0.021073837077251217
1.3856052e-13,0.06380084,True,100,50,15,0.85,0.021073837077251217
0.0,0.06380084,False,100,50,15,0.85,0.021073837077251217
0.85,0.027544592,False,100,50,15,0.85,0.021073837077251217
0.85,0.027544592,False,100,50,15,0.85,0.021073837077251217
0.85,0.027544592,False,100,50,15,0.85,0.021073837077251217
1.06976155e-13,0.058151018,False,100,50,15,0.85,0.021073837077251217
0.85,0.027544592,False,100,50,15,0.85,0.021073837077251217
0.85,0.027544592,False,100,50,15,0.85,0.021073837077251217
0.85,0.013776521,False,100,50,15,0.85,0.021073837077251217
0.0,0.06380084,False,100,50,15,0.85,0.021073837077251217
0.85,0.009510923,False,100,50,15,0.85,0.021073837077251217
0.85,0.027544592,False,100,50,15,0.85,0.021073837077251217
0.0,0.06380084,False,100,50,15,0.85,0.021073837077251217
0.0,0.06380084,False,100,50,15,0.85,0.021073837077251217
0.85,0.027544592,False,100,50,15,0.85,0.021073837077251217
0.85,0.027367823,False,100,50,15,0.85,0.021073837077251217
0.0,0.06380084,False,100,50,15,0.85,0.021073837077251217
0.85,0.027544592,False,100,50,15,0.85,0.021073837077251217
0.8471204,0.0,False,100,50,15,0.85,0.021073837077251217
0.0,0.06380084,False,100,50,15,0.85,0.021073837077251217
0.16626318,0.039182726,False,100,50,15,0.85,0.021073837077251217
0.0,0.032875765,False,100,50,15,0.85,0.021073837077251217
0.85,0.027381094,False,100,50,15,0.85,0.021073837077251217
0.0,0.06379949,False,100,50,15,0.85,0.021073837077251217
0.85,0.027531931,False,100,50,15,0.85,0.021073837077251217
0.85,0.027517185,False,100,50,15,0.85,0.021073837077251217
0.85,0.021007266,False,100,50,15,0.85,0.021073837077251217
0.85,0.027544592,False,100,50,15,0.85,0.021073837077251217
0.85,0.027544592,False,100,50,15,0.85,0.021073837077251217
0.85,0.027544592,False,100,50,15,0.85,0.021073837077251217
0.85,0.027544592,False,100,50,15,0.85,0.021073837077251217
0.85,0.027544592,False,100,50,15,0.85,0.021073837077251217
0.85,0.027544592,False,100,50,15,0.85,0.021073837077251217
0.85,0.027485687,False,100,50,15,0.85,0.021073837077251217
0.29325038,0.051295456,True,100,50,15,0.85,0.021073837077251217
0.85,0.027544592,False,100,50,15,0.85,0.021073837077251217
0.0,0.062080186,False,100,50,15,0.85,0.021073837077251217
0.0,0.06380084,False,100,50,15,0.85,0.021073837077251217
0.0,0.06380084,False,100,50,15,0.85,0.021073837077251217
0.85,0.027544592,False,100,50,15,0.85,0.021073837077251217
0.85,0.027544592,False,100,50,15,0.85,0.021073837077251217
0.85,0.027544592,False,100,50,15,0.85,0.021073837077251217
0.85,0.027544592,False,100,50,15,0.85,0.021073837077251217
0.85,0.027544592,False,100,50,15,0.85,0.021073837077251217
0.85,0.027544592,False,100,50,15,0.85,0.021073837077251217
0.85,0.027544592,False,100,50,15,0.85,0.021073837077251217
0.85,0.027544592,False,100,50,15,0.85,0.021073837077251217
0.0,0.06380084,False,100,50,15,0.85,0.021073837077251217
0.85,0.023119137,False,100,50,15,0.85,0.021073837077251217
1.4107375e-16,0.06380084,False,100,50,15,0.85,0.021073837077251217
0.0,0.06380084,False,100,50,15,0.85,0.021073837077251217
0.85,0.027544592,False,100,50,15,0.85,0.021073837077251217
0.0,0.06380084,False,100,50,15,0.85,0.021073837077251217
0.85,0.013035776,False,100,50,15,0.85,0.021073837077251217
0.6844824,0.034605548,True,100,50,15,0.85,0.021073837077251217
0.0,0.06380084,False,100,50,15,0.85,0.021073837077251217
0.0,0.06380084,False,100,50,15,0.85,0.021073837077251217
0.0,0.06380084,False,100,50,15,0.85,0.021073837077251217
0.0,0.053583354,False,100,50,15,0.85,0.021073837077251217
0.85,0.027544592,False,100,50,15,0.85,0.021073837077251217
0.85,0.027544592,False,100,50,15,0.85,0.021073837077251217
0.0,0.06292336,False,100,50,15,0.85,0.021073837077251217
0.85,0.026399627,False,100,50,15,0.85,0.021073837077251217
0.85,0.027544592,False,100,50,15,0.85,0.021073837077251217
0.85,0.027544592,False,100,50,15,0.85,0.021073837077251217
0.0,0.06380084,False,100,50,15,0.85,0.021073837077251217
0.0,0.06380084,False,100,50,15,0.85,0.021073837077251217
0.0,0.06380084,False,100,50,15,0.85,0.021073837077251217
0.85,0.025903102,False,100,50,15,0.85,0.021073837077251217
0.85,0.027544592,False,100,50,15,0.85,0.021073837077251217
0.85,0.027544592,False,100,50,15,0.85,0.021073837077251217
0.85,0.027544592,False,100,50,15,0.85,0.021073837077251217
0.85,0.027544592,False,100,50,15,0.85,0.021073837077251217
0.85,0.027544592,False,100,50,15,0.85,0.021073837077251217
0.85,0.027544592,False,100,50,15,0.85,0.021073837077251217
0.85,0.027544592,False,100,50,15,0.85,0.021073837077251217
0.85,0.027544592,False,100,50,15,0.85,0.021073837077251217
0.85,0.023139687,False,100,50,15,0.85,0.021073837077251217
0.85,0.027544592,False,100,50,15,0.85,0.021073837077251217
0.0,0.06380084,False,100,50,15,0.85,0.021073837077251217
0.85,0.027544592,False,100,50,15,0.85,0.021073837077251217
0.85,0.020228565,False,100,50,15,0.85,0.021073837077251217
0.85,0.027544592,False,100,50,15,0.85,0.021073837077251217
0.85,0.027544592,False,100,50,15,0.85,0.021073837077251217
6.751899e-14,0.061429385,False,100,50,15,0.85,0.021073837077251217
0.85,0.027544592,False,100,50,15,0.85,0.021073837077251217
0.0,0.061429385,False,100,50,15,0.85,0.021073837077251217
0.85,0.027544592,False,100,50,15,0.85,0.021073837077251217
0.85,0.027544592,False,100,50,15,0.85,0.021073837077251217
0.0,0.06380084,False,100,50,15,0.85,0.021073837077251217
1.9773058e-29,0.013781406,False,100,50,15,0.85,0.021073837077251217
1.3266999e-12,0.06380084,True,100,50,15,0.85,0.021073837077251217
0.85,0.027544592,False,100,50,15,0.85,0.021073837077251217
0.85,0.025903102,False,100,50,15,0.85,0.021073837077251217
0.0,0.030424185,False,100,50,15,0.85,0.021073837077251217
0.85,0.027544592,False,100,50,15,0.85,0.021073837077251217
0.0,0.0,False,100,50,15,0.85,0.021073837077251217
0.8324269,0.0,False,100,50,15,0.85,0.021073837077251217
0.85,0.025903102,False,100,50,15,0.85,0.021073837077251217
0.85,0.027138675,False,100,50,15,0.85,0.021073837077251217
0.85,0.027544592,False,100,50,15,0.85,0.021073837077251217
0.85,0.027544592,False,100,50,15,0.85,0.021073837077251217
0.85,0.027544592,False,100,50,15,0.85,0.021073837077251217
0.0,0.06354031,False,100,50,15,0.85,0.021073837077251217
0.5603781,0.039899822,True,100,50,15,0.85,0.021073837077251217
0.85,0.027544592,False,100,50,15,0.85,0.021073837077251217
0.0,0.06380084,False,100,50,15,0.85,0.021073837077251217
1.5869705e-29,0.06380084,False,100,50,15,0.85,0.021073837077251217
0.85,0.027544592,False,100,50,15,0.85,0.021073837077251217
2.5957569e-14,0.06380084,True,100,50,15,0.85,0.021073837077251217
0.85,0.026625175,False,100,50,15,0.85,0.021073837077251217
0.85,0.0047499556,False,100,50,15,0.85,0.021073837077251217
0.85,0.027534565,False,100,50,15,0.85,0.021073837077251217
0.6054907,0.018221306,False,100,50,15,0.85,0.021073837077251217
0.85,0.027544592,False,100,50,15,0.85,0.021073837077251217
0.85,0.027544592,False,100,50,15,0.85,0.021073837077251217
0.0,0.06380084,False,100,50,15,0.85,0.021073837077251217
0.85,0.027544592,False,100,50,15,0.85,0.021073837077251217
0.85,0.027544592,False,100,50,15,0.85,0.021073837077251217
0.0,0.06380084,False,100,50,15,0.85,0.021073837077251217
0.85,0.027544592,False,100,50,15,0.85,0.021073837077251217
5.5495735e-16,0.06380084,False,100,50,15,0.85,0.021073837077251217
0.85,0.027544592,False,100,50,15,0.85,0.021073837077251217
0.0,0.061429385,False,100,50,15,0.85,0.021073837077251217
0.85,0.027544592,False,100,50,15,0.85,0.021073837077251217
4.2322123e-16,0.06380084,False,100,50,15,0.85,0.021073837077251217
0.0,0.06380084,False,100,50,15,0.85,0.021073837077251217
0.85,0.027544592,False,100,50,15,0.85,0.021073837077251217
0.0,0.06380084,False,100,50,15,0.85,0.021073837077251217
0.85,0.027544592,False,100,50,15,0.85,0.021073837077251217
2.25718e-15,0.06380084,False,100,50,15,0.85,0.021073837077251217
0.85,0.027544592,False,100,50,15,0.85,0.021073837077251217
0.85,0.025880488,False,100,50,15,0.85,0.021073837077251217
0.85,0.027544592,False,100,50,15,0.85,0.021073837077251217
0.85,0.027544592,False,100,50,15,0.85,0.021073837077251217
0.85,0.027544592,False,100,50,15,0.85,0.021073837077251217
0.0,0.06380084,False,100,50,15,0.85,0.021073837077251217
0.85,0.027544592,False,100,50,15,0.85,0.021073837077251217
0.85,0.02641492,False,100,50,15,0.85,0.021073837077251217
0.0,0.06380084,False,100,50,15,0.85,0.021073837077251217
1.1045382e-29,0.06380084,False,100,50,15,0.85,0.021073837077251217
0.85,0.027544592,False,100,50,15,0.85,0.021073837077251217
0.85,0.027544592,False,100,50,15,0.85,0.021073837077251217
0.85,0.025903102,False,100,50,15,0.85,0.021073837077251217
0.0,0.06380084,False,100,50,15,0.85,0.021073837077251217
0.85,0.027544592,False,100,50,15,0.85,0.021073837077251217
0.85,0.027544592,False,100,50,15,0.85,0.021073837077251217
0.85,0.026226453,False,100,50,15,0.85,0.021073837077251217
0.85,0.027544592,False,100,50,15,0.85,0.021073837077251217
0.85,0.027544592,False,100,50,15,0.85,0.021073837077251217
6.4329625e-14,0.06380084,False,100,50,15,0.85,0.021073837077251217
0.85,0.01274317,False,100,50,15,0.85,0.021073837077251217
0.85,0.025316799,False,100,50,15,0.85,0.021073837077251217
0.85,0.027544592,False,100,50,15,0.85,0.021073837077251217
0.85,0.027544592,False,100,50,15,0.85,0.021073837077251217
0.85,0.027544592,False,100,50,15,0.85,0.021073837077251217
1.3182133e-15,0.06380084,False,100,50,15,0.85,0.021073837077251217
0.85,0.017823013,False,100,50,15,0.85,0.021073837077251217
0.85,0.025903102,False,100,50,15,0.85,0.021073837077251217
0.85,0.022040313,False,100,50,15,0.85,0.021073837077251217
0.0,0.06380084,False,100,50,15,0.85,0.021073837077251217
0.85,0.027544592,False,100,50,15,0.85,0.021073837077251217
0.85,0.027544592,False,100,50,15,0.85,0.021073837077251217
0.85,0.027544592,False,100,50,15,0.85,0.021073837077251217
0.85,0.027544592,False,100,50,15,0.85,0.021073837077251217
0.85,0.008698069,False,100,50,15,0.85,0.021073837077251217
0.85,0.027544592,False,100,50,15,0.85,0.021073837077251217
0.85,0.023485439,False,100,50,15,0.85,0.021073837077251217
0.85,0.027544592,False,100,50,15,0.85,0.021073837077251217
0.85,0.027544592,False,100,50,15,0.85,0.021073837077251217
0.85,0.027544592,False,100,50,15,0.85,0.021073837077251217
0.85,0.027544592,False,100,50,15,0.85,0.021073837077251217
6.1013786e-15,0.06380084,False,100,50,15,0.85,0.021073837077251217
0.85,0.027544592,False,100,50,15,0.85,0.021073837077251217
0.85,0.027544592,False,100,50,15,0.85,0.021073837077251217
0.0,0.06380084,False,100,50,15,0.85,0.021073837077251217
0.0,0.06353988,False,100,50,15,0.85,0.021073837077251217
0.0,0.06380084,False,100,50,15,0.85,0.021073837077251217
0.85,0.027544592,False,100,50,15,0.85,0.021073837077251217
0.85,0.027544592,False,100,50,15,0.85,0.021073837077251217
0.85,0.027544592,False,100,50,15,0.85,0.021073837077251217
0.0,0.06380084,False,100,50,15,0.85,0.021073837077251217
0.0,0.06379615,False,100,50,15,0.85,0.021073837077251217
0.01715289,0.0,False,100,50,15,0.85,0.021073837077251217
0.85,0.0021435772,False,100,50,15,0.85,0.021073837077251217
0.85,0.027323,False,100,50,15,0.85,0.021073837077251217
0.0,0.012767924,False,100,50,15,0.85,0.021073837077251217
0.85,0.027544592,False,100,50,15,0.85,0.021073837077251217
0.0,0.06380084,False,100,50,15,0.85,0.021073837077251217
0.0,0.06380084,False,100,50,15,0.85,0.021073837077251217
0.85,0.027544592,False,100,50,15,0.85,0.021073837077251217
0.85,0.027544592,False,100,50,15,0.85,0.021073837077251217
0.85,0.025903102,False,100,50,15,0.85,0.021073837077251217
3.2132032e-14,0.06380084,True,100,50,15,0.85,0.021073837077251217
0.85,0.02452334,False,100,50,15,0.85,0.021073837077251217
3.2773428e-15,0.06332618,False,100,50,15,0.85,0.021073837077251217
0.85,0.027544592,False,100,50,15,0.85,0.021073837077251217
0.85,0.027544592,False,100,50,15,0.85,0.021073837077251217
0.85,0.0036664717,False,100,50,15,0.85,0.021073837077251217
0.0,0.06372058,False,100,50,15,0.85,0.021073837077251217
0.85,0.027544592,False,100,50,15,0.85,0.021073837077251217
0.0,0.06380084,False,100,50,15,0.85,0.021073837077251217
0.85,0.027544592,False,100,50,15,0.85,0.021073837077251217
0.85,0.027544592,False,100,50,15,0.85,0.021073837077251217
0.85,0.027544592,False,100,50,15,0.85,0.021073837077251217
0.85,0.027544592,False,100,50,15,0.85,0.021073837077251217
0.0,0.06380084,False,100,50,15,0.85,0.021073837077251217
0.85,0.027544592,False,100,50,15,0.85,0.021073837077251217
0.85,0.027544592,False,100,50,15,0.85,0.021073837077251217
0.85,0.019263728,False,100,50,15,0.85,0.021073837077251217
0.85,0.021536676,False,100,50,15,0.85,0.021073837077251217
1.9396407e-14,0.06380084,False,100,50,15,0.85,0.021073837077251217
0.0,0.027020287,False,100,50,15,0.85,0.021073837077251217
0.0,0.0,False,100,50,15,0.85,0.021073837077251217
0.85,0.027517185,False,100,50,15,0.85,0.021073837077251217
0.85,0.027534958,False,100,50,15,0.85,0.021073837077251217
0.0,0.06364407,False,100,50,15,0.85,0.021073837077251217
0.85,0.027320696,False,100,50,15,0.85,0.021073837077251217
0.85,0.027502086,False,100,50,15,0.85,0.021073837077251217
